warning: the int symbol LFS_PARTITION_ID (defined at middleware/chips/ws63/Kconfig:105) has a non-int default 0x21 (undefined)
warning: default on the choice symbol MIDDLEWARE_SUPPORT_UPG_COMPRESS (defined at middleware/chips/ws63/Kconfig:52) will have no effect, as defaults do not affect choice symbols
warning: default on the choice symbol MIDDLEWARE_SUPPORT_UPG_AB (defined at middleware/chips/ws63/Kconfig:59) will have no effect, as defaults do not affect choice symbols
warning: default on the choice symbol MIDDLEWARE_SUPPORT_EXCEPT_REBOOT (defined at middleware/chips/ws63/Kconfig:85) will have no effect, as defaults do not affect choice symbols
warning: default on the choice symbol MIDDLEWARE_SUPPORT_EXCEPT_WAITFOREVER (defined at middleware/chips/ws63/Kconfig:91) will have no effect, as defaults do not affect choice symbols


[1/10] post_build:gen bin file
[2/10] cmd.exe /C "cd /D C:\ws63src\output\ws63\acore\ws63-loaderboot && C:\ws63src\tools\bin\compiler\riscv\cc_riscv32_musl_105\cc_riscv32_musl_win\bin\riscv32-linux-musl-nm.exe -S -n --format=sysv loaderboot.elf > loaderboot.nm"
[3/10] cmd.exe /C "cd /D C:\ws63src\output\ws63\acore\ws63-loaderboot && C:\ws63src\tools\bin\compiler\riscv\cc_riscv32_musl_105\cc_riscv32_musl_win\bin\riscv32-linux-musl-objcopy.exe -O ihex loaderboot.elf loaderboot_std.hex"
[4/10] cmd.exe /C "cd /D C:\ws63src\output\ws63\acore\ws63-loaderboot && C:\ws63src\tools\bin\compiler\riscv\cc_riscv32_musl_105\cc_riscv32_musl_win\bin\riscv32-linux-musl-objdump.exe -d -m riscv loaderboot.elf > loaderboot.asm"
[5/10] cmd.exe /C "cd /D C:\ws63src\output\ws63\acore\ws63-loaderboot && C:\Users\13716\AppData\Local\Programs\Python\Python311\python.exe C:/ws63src/build/script/utils/create_hex.py loaderboot.bin loaderboot.hex"
[6/10] cmd.exe /C "cd /D C:\ws63src\output\ws63\acore\ws63-loaderboot && C:\ws63src\tools\bin\compiler\riscv\cc_riscv32_musl_105\cc_riscv32_musl_win\bin\riscv32-linux-musl-objdump.exe -x -S -l loaderboot.elf > loaderboot.lst"
[7/10] Generating NV_SRC
[8/10] MEM_LIMIT
[9/10] cmd.exe /C "cd /D C:\ws63src\output\ws63\acore\ws63-loaderboot && C:\Users\13716\AppData\Local\Programs\Python\Python311\python.exe C:/ws63src/build/script/utils/elftodu.py C:/ws63src loaderboot.elf C:/ws63src/tools/bin/compiler/riscv/cc_riscv32_musl_105/cc_riscv32_musl_win/bin/riscv32-linux-musl-nm.exe > loaderboot.du && C:\Users\13716\AppData\Local\Programs\Python\Python311\python.exe C:/ws63src/build/script/utils/mem_stats.py loaderboot.lst loaderboot.du C:/ws63src/output/ws63/acore/ws63-loaderboot/linker.lds ws63 > loaderboot.mem"


[10/10] ws63 image sign
type: 0
cfg : param_bin_ecc.cfg

new failed1.
read file
read file
CompressFlag():::0
Final.
type: 1
cfg : root_pubk.cfg

open key file failed.
FillPublicKey() failed.
type: 0
cfg : ssb_bin_ecc.cfg

new failed1.
read file
read file
CompressFlag():::0
Final.
type: 0
cfg : flash_bin_ecc.cfg

new failed1.
read file
read file
CompressFlag():::0
Final.
type: 0
cfg : flash_backup_bin_ecc.cfg

new failed1.
read file
read file
CompressFlag():::0
Final.
type: 0
cfg : loaderboot_bin_ecc.cfg

new failed1.
read file
read file
CompressFlag():::0
Final.
type: 0
cfg : liteos_app_bin_ecc.cfg

new failed1.
read file
read file
CompressFlag():::0
Final.
type: 0
cfg : liteos_mfg_bin_factory_ecc.cfg

new failed1.
read file
read file
CompressFlag():::0
Final.
generate params.bin...
Build params success!
params.bin size:  1024
params.bin generate successfully!!!
params_sign.bin generate successfully!!!
generate fill root_pubk.bin
merge out path:  C:\ws63src\build\config\target_config\ws63\sign_config
root_params_sign.bin generate successfully!!!
sign name:  ../../../../../output/ws63/acore\ws63-ssb/ssb.bin
../../../../../output/ws63/acore\ws63-ssb/ssb.bin size:  20864
../../../../../output/ws63/acore\ws63-ssb/ssb.bin  generated successfully!!!
ssb_sign.bin generated successfully!!!
../../../../../output/ws63/acore\ws63-flashboot/flashboot.bin size:  48832
flash_sign.bin generated successfully!!!
../../../../../output/ws63/acore\ws63-loaderboot\loaderboot.bin size:  30504
loaderboot_sign.bin generated successfully!!!
merge out path:  C:\ws63src\output\ws63\acore\ws63-loaderboot
root_loaderboot_sign.bin generated successfully!!!
sign name:  ../../../../../output/ws63/acore\ws63-liteos-app/ws63-liteos-app.bin
../../../../../output/ws63/acore\ws63-liteos-app/ws63-liteos-app.bin size:  1276800
../../../../../output/ws63/acore\ws63-liteos-app/ws63-liteos-app.bin  generated successfully!!!
sign name:  ../../../../../output/ws63/acore/boot_bin\ws63-liteos-mfg.bin


../../../../../output/ws63/acore/boot_bin\ws63-liteos-mfg.bin size:  1258432
../../../../../output/ws63/acore/boot_bin\ws63-liteos-mfg.bin  generated successfully!!!


[!][copy_files_to_interim] File `C:\ws63src\output/ws63/acore/ws63-ssb/ssb.bin` not found, will skip it !
[!][copy_files_to_interim] File `C:\ws63src\output/ws63/acore/ws63-ssb/ssb_sign.bin` not found, will skip it !
[!][copy_files_to_interim] File `C:\ws63src\output/ws63/acore/ws63-liteos-hilink/ws63-liteos-hilink.bin` not found, will skip it !
[!][copy_files_to_interim] File `C:\ws63src\output/ws63/acore/ws63-liteos-hilink/ws63-liteos-hilink-sign.bin` not found, will skip it !


current work direction:  c:\ws63src
NV file reading:  ./output/ws63/acore/nv_bin/temp/cfg/acore_nv.json
nv xml writing in:  ./output/ws63/database/cco/system/hdbcfg/mss_nvi_db.xml
[!][nv handle]warning:  ./output/ws63/database/cco/system/hdbcfg/mss_nvi_db.xml  not found!
struct file reading:  ./output/ws63/acore/nv_bin/temp/acore.etypes
struct writing in: ./output/ws63/database/cco/system/nv/nv_struct_def.txt
[!][nv handle]warning:  ./output/ws63/database/cco/system/nv/nv_struct_def.txt  not found!


python path:  C:\Users\13716\AppData\Local\Programs\Python\Python311\python.exe
[ws63][acore] run custom cmd success!
C:\ws63src\build\script\.\..\..\config.in
c:\ws63src
No change to Kconfig header in 'C:\ws63src\output\ws63\acore\ws63-loaderboot\mconfig.h'
[]
######### Build target:ws63_loaderboot success
ws63-loaderboot takes 0.828278 s
python path:  C:\Users\13716\AppData\Local\Programs\Python\Python311\python.exe
copy_files_to_interim ing...
['C:\\Users\\13716\\AppData\\Local\\Programs\\Python\\Python311\\python.exe', 'C:\\ws63src\\build\\config\\target_config\\ws63\\script\\copy_files_to_interim.py', 'C:\\ws63src']
copy_files_to_interim done!
['C:\\Users\\13716\\AppData\\Local\\Programs\\Python\\Python311\\python.exe', 'C:\\ws63src\\build\\config\\target_config\\ws63\\script\\nv_handle.py']
[ws63][acore] run custom cmd success!


warning: the int symbol LFS_PARTITION_ID (defined at middleware/chips/ws63/Kconfig:105) has a non-int default 0x21 (undefined)


warning: default on the choice symbol MIDDLEWARE_SUPPORT_UPG_COMPRESS (defined at middleware/chips/ws63/Kconfig:52) will have no effect, as defaults do not affect choice symbols
warning: default on the choice symbol MIDDLEWARE_SUPPORT_UPG_AB (defined at middleware/chips/ws63/Kconfig:59) will have no effect, as defaults do not affect choice symbols
warning: default on the choice symbol MIDDLEWARE_SUPPORT_EXCEPT_REBOOT (defined at middleware/chips/ws63/Kconfig:85) will have no effect, as defaults do not affect choice symbols
warning: default on the choice symbol MIDDLEWARE_SUPPORT_EXCEPT_WAITFOREVER (defined at middleware/chips/ws63/Kconfig:91) will have no effect, as defaults do not affect choice symbols


warning: the value '0x21' is invalid for LFS_PARTITION_ID (defined at middleware/chips/ws63/Kconfig:105), which has type int -- assignment ignored


Not searching for unused variables given on the command line.


-- BUILD_PLATFORM: windows


LOSCFG_PLATFORM is set to ws63


LOSCFG_COMPILER_GNU_BINUTILS is set to y


LOSCFG_COMPILER_GCC is set to y
LOSCFG_COMPILER_TOOLCHAIN_MUSL is set to y
LOSCFG_COMPILER_RISCV_GCC_MUSL is set to y


LOSCFG_COMPILER_RISCV_UNKNOWN is set to y


LOSCFG_RISCV_COMPILER_OPTIONS_USER_DEFINED is set to 


LOSCFG_RISCV_COMPILER_OPTIONS_LDM_STM is set to y


LOSCFG_RISCV_COMPILER_OPTIONS_EMIT_LLI is set to y


LOSCFG_COMPILER_OPTIMIZE_SIZE is set to y


LOSCFG_FAMILY_AIOT is set to y


LOSCFG_FAMILY is set to aiot


LOSCFG_PLATFORM is set to ws63


LOSCFG_PLATFORM_WS63 is set to y


LOSCFG_USING_BOARD_LD is set to y


LOSCFG_USING_BOARD_RESET_VECTOR is set to y
LOSCFG_ARCH_FPU_ENABLE is set to y


LOSCFG_APC_ENABLE is set to y


LOSCFG_ARCH_PMU is set to y


LOSCFG_ARCH_RISCV32 is set to y


LOSCFG_ARCH_RISCV_RV32IMC is set to y


LOSCFG_ARCH_RISCV_RV32F is set to y


LOSCFG_ARCH_LINXCORE_131 is set to y


LOSCFG_KERNEL_MIN is set to y


LOSCFG_SCHED is set to y


LOSCFG_SCHED_SQ is set to y


LOSCFG_BASE_CORE_TIMESLICE is set to y


LOSCFG_BASE_CORE_TIMESLICE_TIMEOUT is set to 2


LOSCFG_BASE_CORE_TSK_MONITOR is set to y
LOSCFG_TASK_STACK_DYNAMIC_ALLOCATION is set to y
LOSCFG_BASE_CORE_TSK_LIMIT is set to 28


LOSCFG_BASE_CORE_TSK_MIN_STACK_SIZE is set to 1024


LOSCFG_BASE_CORE_TSK_DEFAULT_STACK_SIZE is set to 2048
LOSCFG_BASE_CORE_TSK_SWTMR_STACK_SIZE is set to 2048
LOSCFG_BASE_CORE_TSK_IDLE_STACK_SIZE is set to 1024
LOSCFG_BASE_CORE_TSK_DEFAULT_PRIO is set to 10
LOSCFG_BASE_CORE_TICK_PER_SECOND is set to 100


LOSCFG_BASE_CORE_USE_SINGLE_LIST is set to y
LOSCFG_STARTUP_STACK_SIZE is set to 0x4000
LOSCFG_KERNEL_MEM_ALLOC is set to y
LOSCFG_KERNEL_MEM_BESTFIT is set to y
LOSCFG_KERNEL_MEM_SLAB_EXTENTION is set to y
LOSCFG_ARCH_INTERRUPT_TAKEOVER is set to y


LOSCFG_ARCH_INTERRUPT_PREEMPTION is set to y
LOSCFG_HWI_PRE_POST_PROCESS is set to y


LOSCFG_HWI_WITH_ARG is set to y
LOSCFG_IRQ_STACK_SIZE is set to 0x2000
LOSCFG_NMI_STACK_SIZE is set to 0x800


LOSCFG_PLATFORM_HWI_LIMIT is set to 96
LOSCFG_HWI_PRIO_LIMIT is set to 7
LOSCFG_EXC_STACK_SIZE is set to 0x800


LOSCFG_BASE_CORE_SWTMR is set to y
LOSCFG_BASE_CORE_SWTMR_LIMIT is set to 16


LOSCFG_BASE_IPC_QUEUE is set to y
LOSCFG_QUEUE_DYNAMIC_ALLOCATION is set to y


LOSCFG_BASE_IPC_QUEUE_LIMIT is set to 16
LOSCFG_BASE_IPC_EVENT is set to y
LOSCFG_BASE_IPC_MUX is set to y


LOSCFG_MUTEX_WAITMODE_PRIO is set to y
LOSCFG_BASE_IPC_MUX_LIMIT is set to 60


LOSCFG_BASE_IPC_SEM is set to y
LOSCFG_BASE_IPC_SEM_LIMIT is set to 32


LOSCFG_KERNEL_PRINTF is set to y
LOSCFG_KERNEL_PRINTF_SIZE_EXTEND is set to y
LOSCFG_KERNEL_RINGBUF is set to y


LOSCFG_BASE_CORE_SYS_RES_CHECK is set to y
LOSCFG_LIB_LIBC is set to y


LOSCFG_LIB_LIBM is set to y
LOSCFG_LIB_FORMAT is set to y


LOSCFG_COMPAT_CMSIS is set to y


LOSCFG_COMPAT_CMSIS_VER_2 is set to y
LOSCFG_COMPAT_LINUX is set to y


LOSCFG_COMPAT_LINUX_PENDLIST is set to y
LOSCFG_COMPAT_LINUX_TIMER is set to y


LOSCFG_COMPAT_LINUX_COMPLETION is set to y
LOSCFG_COMPAT_LINUX_WAITQUEUE is set to y
LOSCFG_COMPAT_LINUX_DRIVER_BASE is set to y


LOSCFG_NET_IPERF is set to y
LOSCFG_BACKTRACE is set to y


LOSCFG_SERIAL_OUTPUT_ENABLE is set to y
LOSCFG_KERNEL_CPUP is set to y


LOSCFG_DRIVERS_BASE is set to y
LOSCFG_RISCV_HIMIDEERV200_PLIC is set to y


LOSCFG_TIMER_VENDOR is set to y
LOSCFG_DRIVERS_UART_VENDOR is set to y


LOSCFG_DRIVERS_SIMPLE_UART is set to y
LOSCFG_CC_NO_STACKPROTECTOR is set to y


CMAKE_TOOLCHAIN_FILE is defined ahead, skip auto-config compiler


CMAKE_TOOLCHAIN_FILE is defined ahead, skip auto-config compiler


OUT:C:/ws63src/output/ws63/acore/ws63-liteos-app/kernel/liteos/liteos_v208.5.0
LITEOS_MODULE_DEP_LIBS_PATH:
LITEOS_DEP_LIBS_INT:
LITEOS_DEP_LIBS_EXT:gcc;gcc_eh
LITEOS_BASELIB:m;gcc;gcc_eh


LOS_INTF_DEP_TARGETS:


-- COM_HEADER-includeC:/ws63src/output/ws63/acore/ws63-liteos-app/kernel/liteos/liteos_v208.5.0/menuconfig/include/menuconfig.h


-- C:/ws63src/drivers/chips/ws63/porting/patch/sfc_patch.c is not found, finding libplat_patch.a in C:/ws63src/drivers/chips/ws63/porting/patch/ws63-liteos-app


-- C:/ws63src/drivers/chips/ws63/rom_config/acore/output/rom_callback.S is not found, finding librom_callback.a in C:/ws63src/drivers/chips/ws63/ws63-liteos-app


GEN_TARGET_SRC = C:/ws63src/output/ws63/acore/acore.c
PRECOMPILE_TARGET = C:/ws63src/output/ws63/acore/acore.etypes
TARGET_INCLUDE = C:/ws63src/middleware/chips/ws63/nv/nv_config/include;C:/ws63src/middleware/utils/common_headers/native


-- C:/ws63src/middleware/utils/at/at_bt_cmd/src/at_bt_cmd_register.c is not found, finding libbt_at.a in C:/ws63src/middleware/utils/at/at_bt_cmd/ws63-liteos-app


-- C:/ws63src/middleware/utils/at/at_radar_cmd/at/at_radar.c is not found, finding libradar_at.a in C:/ws63src/middleware/utils/at/at_radar_cmd/ws63-liteos-app


Build wifi device with rom repo!


-- C:/ws63src/protocol/wifi/rom_code/ws63/source/alg/iot_alg/device/alg_main.c is not found, finding libwifi_driver_dmac.a in C:/ws63src/protocol/wifi/ws63-liteos-app


-- C:/ws63src/protocol/wifi/rom_code/ws63/source/common/romable/wifi_rom_data.c is not found, finding libwifi_rom_data.a in C:/ws63src/protocol/wifi/ws63-liteos-app


-- C:/ws63src/protocol/wifi/source/host/feature/interface/hmac_feature_interface.c is not found, finding libwifi_driver_hmac.a in C:/ws63src/protocol/wifi/ws63-liteos-app


-- C:/ws63src/protocol/wifi/source/host/forward/hmac_rx_data.c is not found, finding libwifi_driver_tcm.a in C:/ws63src/protocol/wifi/ws63-liteos-app


-- C:/ws63src/protocol/wifi/source/alg/iot_alg/host/alg_txbf.c is not found, finding libwifi_alg_txbf.a in C:/ws63src/protocol/wifi/ws63-liteos-app


-- C:/ws63src/protocol/wifi/source/alg/iot_alg/host/alg_temp_protect.c is not found, finding libwifi_alg_temp_protect.a in C:/ws63src/protocol/wifi/ws63-liteos-app


-- C:/ws63src/protocol/wifi/source/alg/iot_alg/host/alg_anti_interference.c is not found, finding libwifi_alg_anti_interference.a in C:/ws63src/protocol/wifi/ws63-liteos-app


-- C:/ws63src/protocol/wifi/source/alg/iot_alg/host/alg_edca_opt.c is not found, finding libwifi_alg_edca_opt.a in C:/ws63src/protocol/wifi/ws63-liteos-app


-- C:/ws63src/protocol/wifi/source/alg/iot_alg/host/alg_cca_intrf_mode.c is not found, finding libwifi_alg_cca_opt.a in C:/ws63src/protocol/wifi/ws63-liteos-app


BGTP_PROJECT=ws63
BGTP_ROM_VERSION=true
BGTP_DEVICE_ONLY=false


-- C:/ws63src/protocol/bt/controller/bgtp/__null__ is not found, finding libbgtp.a in C:/ws63src/protocol/bt/controller/bgtp/ws63-liteos-app


-- C:/ws63src/protocol/bt/controller/bgtp/__null__ is not found, finding libbgtp_rom_data.a in C:/ws63src/protocol/bt/controller/bgtp/ws63-liteos-app


-- C:/ws63src/protocol/bt/host/bg_common/__null__ is not found, finding libbg_common.a in C:/ws63src/protocol/bt/host/bg_common/ws63-liteos-app


BG COMMON BTH_ROM_LIST:__null__
BTH_ROM_LIST:__null__


-- C:/ws63src/protocol/bt/host/bt/__null__ is not found, finding libbt_app.a in C:/ws63src/protocol/bt/host/bt/ws63-liteos-app


-- C:/ws63src/protocol/bt/host/bt/sdk/__null__ is not found, finding libbth_sdk.a in C:/ws63src/protocol/bt/host/bt/sdk/ws63-liteos-app


-- C:/ws63src/protocol/bt/host/bt/__null__ is not found, finding libbt_host.a in C:/ws63src/protocol/bt/host/bt/ws63-liteos-app


BTH_ROM_LIST:__null__


BTH_PUBLIC_HEADER_LIST=


-- C:/ws63src/protocol/bt/host/gle/__null__ is not found, finding libbth_gle.a in C:/ws63src/protocol/bt/host/gle/ws63-liteos-app


-- C:/ws63src/protocol/radar/alg_ai/radar_ai_attention_layer.c is not found, finding libradar_ai.a in C:/ws63src/protocol/radar/alg_ai/ws63-liteos-app


-- project_name:


-- C:/ws63src/protocol/radar/plat/utils/radar_fft.c is not found, finding libradar_sensing.a in C:/ws63src/protocol/radar/plat/ws63-liteos-app


-- C:/ws63src/protocol/bt/controller/chba/__null__ is not found, finding libsle_chba_user.a in C:/ws63src/protocol/bt/controller/chba/ws63-liteos-app


-- C:/ws63src/protocol/bt/controller/chba/__null__ is not found, finding libsle_netdev.a in C:/ws63src/protocol/bt/controller/chba/ws63-liteos-app


-- Configuring done


-- Generating done


-- Build files have been written to: C:/ws63src/output/ws63/acore/ws63-liteos-app


[1/768] Building C object CMakeFiles/gmssl_hmac_sm3.dir/open_source/GmSSL3.0/src/sm3.c.obj
[2/768] Building C object CMakeFiles/gmssl_hmac_sm3.dir/open_source/GmSSL3.0/src/sm3_hmac.c.obj
[3/768] Building C object CMakeFiles/mbedtls.dir/open_source/mbedtls/mbedtls_v3.1.0/library/aes.c.obj
[4/768] Building C object CMakeFiles/mbedtls.dir/open_source/mbedtls/mbedtls_v3.1.0/library/aesni.c.obj
[5/768] Building C object CMakeFiles/mbedtls.dir/open_source/mbedtls/mbedtls_v3.1.0/library/aria.c.obj
[6/768] Building C object CMakeFiles/mbedtls.dir/open_source/mbedtls/mbedtls_v3.1.0/library/asn1parse.c.obj
[7/768] Building C object CMakeFiles/mbedtls.dir/open_source/mbedtls/mbedtls_v3.1.0/library/asn1write.c.obj
[8/768] Building C object CMakeFiles/mbedtls.dir/open_source/mbedtls/mbedtls_v3.1.0/library/base64.c.obj
[9/768] Building C object CMakeFiles/mbedtls.dir/open_source/mbedtls/mbedtls_v3.1.0/library/camellia.c.obj
[10/768] Building C object CMakeFiles/mbedtls.dir/open_source/mbedtls/mbedtls_v3.1.0/library/ccm.c.obj
[11/768] Building C object CMakeFiles/mbedtls.dir/open_source/mbedtls/mbedtls_v3.1.0/library/chacha20.c.obj
[12/768] Building C object CMakeFiles/mbedtls.dir/open_source/mbedtls/mbedtls_v3.1.0/library/chachapoly.c.obj
[13/768] Building C object CMakeFiles/mbedtls.dir/open_source/mbedtls/mbedtls_v3.1.0/library/cipher.c.obj
[14/768] Building C object CMakeFiles/mbedtls.dir/open_source/mbedtls/mbedtls_v3.1.0/library/cipher_wrap.c.obj
[15/768] Building C object CMakeFiles/mbedtls.dir/open_source/mbedtls/mbedtls_v3.1.0/library/cmac.c.obj
[16/768] Building C object CMakeFiles/mbedtls.dir/open_source/mbedtls/mbedtls_v3.1.0/library/constant_time.c.obj
[17/768] Building C object CMakeFiles/mbedtls.dir/open_source/mbedtls/mbedtls_v3.1.0/library/ctr_drbg.c.obj
[18/768] Building C object CMakeFiles/mbedtls.dir/open_source/mbedtls/mbedtls_v3.1.0/library/debug.c.obj
[19/768] Building C object CMakeFiles/mbedtls.dir/open_source/mbedtls/mbedtls_v3.1.0/library/des.c.obj
[20/768] Building C object CMakeFiles/mbedtls.dir/open_source/mbedtls/mbedtls_v3.1.0/library/dhm.c.obj
[21/768] Building C object CMakeFiles/mbedtls.dir/open_source/mbedtls/mbedtls_v3.1.0/library/ecdh.c.obj
[22/768] Building C object CMakeFiles/mbedtls.dir/open_source/mbedtls/mbedtls_v3.1.0/library/ecjpake.c.obj
[23/768] Building C object CMakeFiles/mbedtls.dir/open_source/mbedtls/mbedtls_v3.1.0/library/ecp.c.obj
[24/768] Building C object CMakeFiles/mbedtls.dir/open_source/mbedtls/mbedtls_v3.1.0/library/ecp_curves.c.obj
[25/768] Building C object CMakeFiles/mbedtls.dir/open_source/mbedtls/mbedtls_v3.1.0/library/entropy.c.obj
[26/768] Building C object CMakeFiles/mbedtls.dir/open_source/mbedtls/mbedtls_v3.1.0/library/error.c.obj
[27/768] Building C object CMakeFiles/mbedtls.dir/open_source/mbedtls/mbedtls_v3.1.0/library/gcm.c.obj
[28/768] Building C object CMakeFiles/mbedtls.dir/open_source/mbedtls/mbedtls_v3.1.0/library/hmac_drbg.c.obj
[29/768] Building C object CMakeFiles/mbedtls.dir/open_source/mbedtls/mbedtls_v3.1.0/library/hkdf.c.obj
[30/768] Building C object CMakeFiles/mbedtls.dir/open_source/mbedtls/mbedtls_v3.1.0/library/md.c.obj
[31/768] Building C object CMakeFiles/mbedtls.dir/open_source/mbedtls/mbedtls_v3.1.0/library/md5.c.obj
[32/768] Building C object CMakeFiles/mbedtls.dir/open_source/mbedtls/mbedtls_v3.1.0/library/memory_buffer_alloc.c.obj
[33/768] Building C object CMakeFiles/mbedtls.dir/open_source/mbedtls/mbedtls_v3.1.0/library/mps_reader.c.obj
[34/768] Building C object CMakeFiles/mbedtls.dir/open_source/mbedtls/mbedtls_v3.1.0/library/mps_trace.c.obj
[35/768] Building C object CMakeFiles/mbedtls.dir/open_source/mbedtls/mbedtls_v3.1.0/library/nist_kw.c.obj
[36/768] Building C object CMakeFiles/mbedtls.dir/open_source/mbedtls/mbedtls_v3.1.0/library/ecdsa.c.obj
../../../../open_source/mbedtls/mbedtls_v3.1.0/library/ecdsa.c: In function 'ecdsa_verify_restartable':
../../../../open_source/mbedtls/mbedtls_v3.1.0/library/ecdsa.c:546:29: warning: passing argument 2 of 'get_curve_type' from incompatible pointer type [-Wincompatible-pointer-types]
     get_curve_type(grp->id, &curve_type, &klen);
                             ^
In file included from ../../../../open_source/mbedtls/mbedtls_v3.1.0/library/ecdsa.c:526:0:
c:\ws63src\open_source\mbedtls\mbedtls_v3.1.0\harden\src\internal_include\ecc_harden_common.h:13:6: note: expected 'drv_pke_ecc_curve_type * {aka enum <anonymous> *}' but argument is of type 'mbedtls_alt_ecp_curve_type * {aka enum <anonymous> *}'
 void get_curve_type( mbedtls_ecp_group_id grp_id, drv_pke_ecc_curve_type *curve_type, unsigned int *klen );
      ^~~~~~~~~~~~~~
[37/768] Building C object CMakeFiles/mbedtls.dir/open_source/mbedtls/mbedtls_v3.1.0/library/oid.c.obj
[38/768] Building C object CMakeFiles/mbedtls.dir/open_source/mbedtls/mbedtls_v3.1.0/library/padlock.c.obj
[39/768] Building C object CMakeFiles/mbedtls.dir/open_source/mbedtls/mbedtls_v3.1.0/library/pem.c.obj
[40/768] Building C object CMakeFiles/mbedtls.dir/open_source/mbedtls/mbedtls_v3.1.0/library/pk.c.obj
[41/768] Building C object CMakeFiles/mbedtls.dir/open_source/mbedtls/mbedtls_v3.1.0/library/pk_wrap.c.obj
[42/768] Building C object CMakeFiles/mbedtls.dir/open_source/mbedtls/mbedtls_v3.1.0/library/pkcs5.c.obj
[43/768] Building C object CMakeFiles/mbedtls.dir/open_source/mbedtls/mbedtls_v3.1.0/library/pkcs12.c.obj
[44/768] Building C object CMakeFiles/mbedtls.dir/open_source/mbedtls/mbedtls_v3.1.0/library/pkparse.c.obj
[45/768] Building C object CMakeFiles/mbedtls.dir/open_source/mbedtls/mbedtls_v3.1.0/library/pkwrite.c.obj
[46/768] Building C object CMakeFiles/mbedtls.dir/open_source/mbedtls/mbedtls_v3.1.0/library/platform.c.obj
[47/768] Building C object CMakeFiles/mbedtls.dir/open_source/mbedtls/mbedtls_v3.1.0/library/platform_util.c.obj
[48/768] Building C object CMakeFiles/mbedtls.dir/open_source/mbedtls/mbedtls_v3.1.0/library/poly1305.c.obj
[49/768] Building C object CMakeFiles/mbedtls.dir/open_source/mbedtls/mbedtls_v3.1.0/library/ripemd160.c.obj
[50/768] Building C object CMakeFiles/mbedtls.dir/open_source/mbedtls/mbedtls_v3.1.0/library/rsa.c.obj
[51/768] Building C object CMakeFiles/mbedtls.dir/open_source/mbedtls/mbedtls_v3.1.0/library/rsa_alt_helpers.c.obj
[52/768] Building C object CMakeFiles/mbedtls.dir/open_source/mbedtls/mbedtls_v3.1.0/library/sha1.c.obj
[53/768] Building C object CMakeFiles/mbedtls.dir/open_source/mbedtls/mbedtls_v3.1.0/library/bignum.c.obj
In file included from ../../../../open_source/mbedtls/mbedtls_v3.1.0/library/bignum.c:40:0:
../../../../open_source/mbedtls/mbedtls_v3.1.0/library/bignum.c: In function 'mbedtls_mpi_exp_mod':
c:\ws63src\open_source\mbedtls\mbedtls_v3.1.0\include\mbedtls\bignum.h:56:13: warning: jump skips variable initialization [-Wjump-misses-init]
             goto cleanup;        \
             ^
../../../../open_source/mbedtls/mbedtls_v3.1.0/library/bignum.c:2204:5: note: in expansion of macro 'MBEDTLS_MPI_CHK'
     MBEDTLS_MPI_CHK( mbedtls_mpi_grow( &W[x_index], j ) );
     ^~~~~~~~~~~~~~~
../../../../open_source/mbedtls/mbedtls_v3.1.0/library/bignum.c:2396:1: note: label 'cleanup' defined here
 cleanup:
 ^~~~~~~
../../../../open_source/mbedtls/mbedtls_v3.1.0/library/bignum.c:2295:12: note: 'exponent_bits_in_window' declared here
     size_t exponent_bits_in_window = 0;
            ^~~~~~~~~~~~~~~~~~~~~~~
In file included from ../../../../open_source/mbedtls/mbedtls_v3.1.0/library/bignum.c:40:0:
c:\ws63src\open_source\mbedtls\mbedtls_v3.1.0\include\mbedtls\bignum.h:56:13: warning: jump skips variable initialization [-Wjump-misses-init]
             goto cleanup;        \
             ^
../../../../open_source/mbedtls/mbedtls_v3.1.0/library/bignum.c:2205:5: note: in expansion of macro 'MBEDTLS_MPI_CHK'
     MBEDTLS_MPI_CHK( mbedtls_mpi_grow( &W[1],  j ) );
     ^~~~~~~~~~~~~~~
../../../../open_source/mbedtls/mbedtls_v3.1.0/library/bignum.c:2396:1: note: label 'cleanup' defined here
 cleanup:
 ^~~~~~~
../../../../open_source/mbedtls/mbedtls_v3.1.0/library/bignum.c:2295:12: note: 'exponent_bits_in_window' declared here
     size_t exponent_bits_in_window = 0;
            ^~~~~~~~~~~~~~~~~~~~~~~
In file included from ../../../../open_source/mbedtls/mbedtls_v3.1.0/library/bignum.c:40:0:
c:\ws63src\open_source\mbedtls\mbedtls_v3.1.0\include\mbedtls\bignum.h:56:13: warning: jump skips variable initialization [-Wjump-misses-init]
             goto cleanup;        \
             ^
../../../../open_source/mbedtls/mbedtls_v3.1.0/library/bignum.c:2206:5: note: in expansion of macro 'MBEDTLS_MPI_CHK'
     MBEDTLS_MPI_CHK( mbedtls_mpi_grow( &T, j * 2 ) );
     ^~~~~~~~~~~~~~~
../../../../open_source/mbedtls/mbedtls_v3.1.0/library/bignum.c:2396:1: note: label 'cleanup' defined here
 cleanup:
 ^~~~~~~
../../../../open_source/mbedtls/mbedtls_v3.1.0/library/bignum.c:2295:12: note: 'exponent_bits_in_window' declared here
     size_t exponent_bits_in_window = 0;
            ^~~~~~~~~~~~~~~~~~~~~~~
In file included from ../../../../open_source/mbedtls/mbedtls_v3.1.0/library/bignum.c:40:0:
c:\ws63src\open_source\mbedtls\mbedtls_v3.1.0\include\mbedtls\bignum.h:56:13: warning: jump skips variable initialization [-Wjump-misses-init]
             goto cleanup;        \
             ^
../../../../open_source/mbedtls/mbedtls_v3.1.0/library/bignum.c:2214:9: note: in expansion of macro 'MBEDTLS_MPI_CHK'
         MBEDTLS_MPI_CHK( mbedtls_mpi_copy( &Apos, A ) );
         ^~~~~~~~~~~~~~~
../../../../open_source/mbedtls/mbedtls_v3.1.0/library/bignum.c:2396:1: note: label 'cleanup' defined here
 cleanup:
 ^~~~~~~
../../../../open_source/mbedtls/mbedtls_v3.1.0/library/bignum.c:2295:12: note: 'exponent_bits_in_window' declared here
     size_t exponent_bits_in_window = 0;
            ^~~~~~~~~~~~~~~~~~~~~~~
In file included from ../../../../open_source/mbedtls/mbedtls_v3.1.0/library/bignum.c:40:0:
c:\ws63src\open_source\mbedtls\mbedtls_v3.1.0\include\mbedtls\bignum.h:56:13: warning: jump skips variable initialization [-Wjump-misses-init]
             goto cleanup;        \
             ^
../../../../open_source/mbedtls/mbedtls_v3.1.0/library/bignum.c:2240:9: note: in expansion of macro 'MBEDTLS_MPI_CHK'
         MBEDTLS_MPI_CHK( mbedtls_mpi_mod_mpi( &W[1], A, N ) );
         ^~~~~~~~~~~~~~~
../../../../open_source/mbedtls/mbedtls_v3.1.0/library/bignum.c:2396:1: note: label 'cleanup' defined here
 cleanup:
 ^~~~~~~
../../../../open_source/mbedtls/mbedtls_v3.1.0/library/bignum.c:2295:12: note: 'exponent_bits_in_window' declared here
     size_t exponent_bits_in_window = 0;
            ^~~~~~~~~~~~~~~~~~~~~~~
In file included from ../../../../open_source/mbedtls/mbedtls_v3.1.0/library/bignum.c:40:0:
c:\ws63src\open_source\mbedtls\mbedtls_v3.1.0\include\mbedtls\bignum.h:56:13: warning: jump skips variable initialization [-Wjump-misses-init]
             goto cleanup;        \
             ^
../../../../open_source/mbedtls/mbedtls_v3.1.0/library/bignum.c:2244:9: note: in expansion of macro 'MBEDTLS_MPI_CHK'
         MBEDTLS_MPI_CHK( mbedtls_mpi_grow( &W[1], N->n + 1 ) );
         ^~~~~~~~~~~~~~~
../../../../open_source/mbedtls/mbedtls_v3.1.0/library/bignum.c:2396:1: note: label 'cleanup' defined here
 cleanup:
 ^~~~~~~
../../../../open_source/mbedtls/mbedtls_v3.1.0/library/bignum.c:2295:12: note: 'exponent_bits_in_window' declared here
     size_t exponent_bits_in_window = 0;
            ^~~~~~~~~~~~~~~~~~~~~~~
In file included from ../../../../open_source/mbedtls/mbedtls_v3.1.0/library/bignum.c:40:0:
c:\ws63src\open_source\mbedtls\mbedtls_v3.1.0\include\mbedtls\bignum.h:56:13: warning: jump skips variable initialization [-Wjump-misses-init]
             goto cleanup;        \
             ^
../../../../open_source/mbedtls/mbedtls_v3.1.0/library/bignum.c:2247:9: note: in expansion of macro 'MBEDTLS_MPI_CHK'
         MBEDTLS_MPI_CHK( mbedtls_mpi_copy( &W[1], A ) );
         ^~~~~~~~~~~~~~~
../../../../open_source/mbedtls/mbedtls_v3.1.0/library/bignum.c:2396:1: note: label 'cleanup' defined here
 cleanup:
 ^~~~~~~
../../../../open_source/mbedtls/mbedtls_v3.1.0/library/bignum.c:2295:12: note: 'exponent_bits_in_window' declared here
     size_t exponent_bits_in_window = 0;
            ^~~~~~~~~~~~~~~~~~~~~~~
In file included from ../../../../open_source/mbedtls/mbedtls_v3.1.0/library/bignum.c:40:0:
c:\ws63src\open_source\mbedtls\mbedtls_v3.1.0\include\mbedtls\bignum.h:56:13: warning: jump skips variable initialization [-Wjump-misses-init]
             goto cleanup;        \
             ^
../../../../open_source/mbedtls/mbedtls_v3.1.0/library/bignum.c:2256:5: note: in expansion of macro 'MBEDTLS_MPI_CHK'
     MBEDTLS_MPI_CHK( mbedtls_mpi_copy( &W[x_index], &RR ) );
     ^~~~~~~~~~~~~~~
../../../../open_source/mbedtls/mbedtls_v3.1.0/library/bignum.c:2396:1: note: label 'cleanup' defined here
 cleanup:
 ^~~~~~~
../../../../open_source/mbedtls/mbedtls_v3.1.0/library/bignum.c:2295:12: note: 'exponent_bits_in_window' declared here
     size_t exponent_bits_in_window = 0;
            ^~~~~~~~~~~~~~~~~~~~~~~
In file included from ../../../../open_source/mbedtls/mbedtls_v3.1.0/library/bignum.c:40:0:
c:\ws63src\open_source\mbedtls\mbedtls_v3.1.0\include\mbedtls\bignum.h:56:13: warning: jump skips variable initialization [-Wjump-misses-init]
             goto cleanup;        \
             ^
../../../../open_source/mbedtls/mbedtls_v3.1.0/library/bignum.c:2274:9: note: in expansion of macro 'MBEDTLS_MPI_CHK'
         MBEDTLS_MPI_CHK( mbedtls_mpi_grow( &W[j], N->n + 1 ) );
         ^~~~~~~~~~~~~~~
../../../../open_source/mbedtls/mbedtls_v3.1.0/library/bignum.c:2396:1: note: label 'cleanup' defined here
 cleanup:
 ^~~~~~~
../../../../open_source/mbedtls/mbedtls_v3.1.0/library/bignum.c:2295:12: note: 'exponent_bits_in_window' declared here
     size_t exponent_bits_in_window = 0;
            ^~~~~~~~~~~~~~~~~~~~~~~
In file included from ../../../../open_source/mbedtls/mbedtls_v3.1.0/library/bignum.c:40:0:
c:\ws63src\open_source\mbedtls\mbedtls_v3.1.0\include\mbedtls\bignum.h:56:13: warning: jump skips variable initialization [-Wjump-misses-init]
             goto cleanup;        \
             ^
../../../../open_source/mbedtls/mbedtls_v3.1.0/library/bignum.c:2275:9: note: in expansion of macro 'MBEDTLS_MPI_CHK'
         MBEDTLS_MPI_CHK( mbedtls_mpi_copy( &W[j], &W[1]    ) );
         ^~~~~~~~~~~~~~~
../../../../open_source/mbedtls/mbedtls_v3.1.0/library/bignum.c:2396:1: note: label 'cleanup' defined here
 cleanup:
 ^~~~~~~
../../../../open_source/mbedtls/mbedtls_v3.1.0/library/bignum.c:2295:12: note: 'exponent_bits_in_window' declared here
     size_t exponent_bits_in_window = 0;
            ^~~~~~~~~~~~~~~~~~~~~~~
In file included from ../../../../open_source/mbedtls/mbedtls_v3.1.0/library/bignum.c:40:0:
c:\ws63src\open_source\mbedtls\mbedtls_v3.1.0\include\mbedtls\bignum.h:56:13: warning: jump skips variable initialization [-Wjump-misses-init]
             goto cleanup;        \
             ^
../../../../open_source/mbedtls/mbedtls_v3.1.0/library/bignum.c:2285:13: note: in expansion of macro 'MBEDTLS_MPI_CHK'
             MBEDTLS_MPI_CHK( mbedtls_mpi_grow( &W[i], N->n + 1 ) );
             ^~~~~~~~~~~~~~~
../../../../open_source/mbedtls/mbedtls_v3.1.0/library/bignum.c:2396:1: note: label 'cleanup' defined here
 cleanup:
 ^~~~~~~
../../../../open_source/mbedtls/mbedtls_v3.1.0/library/bignum.c:2295:12: note: 'exponent_bits_in_window' declared here
     size_t exponent_bits_in_window = 0;
            ^~~~~~~~~~~~~~~~~~~~~~~
In file included from ../../../../open_source/mbedtls/mbedtls_v3.1.0/library/bignum.c:40:0:
c:\ws63src\open_source\mbedtls\mbedtls_v3.1.0\include\mbedtls\bignum.h:56:13: warning: jump skips variable initialization [-Wjump-misses-init]
             goto cleanup;        \
             ^
../../../../open_source/mbedtls/mbedtls_v3.1.0/library/bignum.c:2286:13: note: in expansion of macro 'MBEDTLS_MPI_CHK'
             MBEDTLS_MPI_CHK( mbedtls_mpi_copy( &W[i], &W[i - 1] ) );
             ^~~~~~~~~~~~~~~
../../../../open_source/mbedtls/mbedtls_v3.1.0/library/bignum.c:2396:1: note: label 'cleanup' defined here
 cleanup:
 ^~~~~~~
../../../../open_source/mbedtls/mbedtls_v3.1.0/library/bignum.c:2295:12: note: 'exponent_bits_in_window' declared here
     size_t exponent_bits_in_window = 0;
            ^~~~~~~~~~~~~~~~~~~~~~~
[54/768] Building C object CMakeFiles/mbedtls.dir/open_source/mbedtls/mbedtls_v3.1.0/library/sha256.c.obj
[55/768] Building C object CMakeFiles/mbedtls.dir/open_source/mbedtls/mbedtls_v3.1.0/library/sha512.c.obj
[56/768] Building C object CMakeFiles/mbedtls.dir/open_source/mbedtls/mbedtls_v3.1.0/library/ssl_cache.c.obj
[57/768] Building C object CMakeFiles/mbedtls.dir/open_source/mbedtls/mbedtls_v3.1.0/library/ssl_ciphersuites.c.obj
[58/768] Building C object CMakeFiles/mbedtls.dir/open_source/mbedtls/mbedtls_v3.1.0/library/ssl_cli.c.obj
[59/768] Building C object CMakeFiles/mbedtls.dir/open_source/mbedtls/mbedtls_v3.1.0/library/ssl_cookie.c.obj
[60/768] Building C object CMakeFiles/mbedtls.dir/open_source/mbedtls/mbedtls_v3.1.0/library/ssl_debug_helpers_generated.c.obj
[61/768] Building C object CMakeFiles/mbedtls.dir/open_source/mbedtls/mbedtls_v3.1.0/library/ssl_msg.c.obj
[62/768] Building C object CMakeFiles/mbedtls.dir/open_source/mbedtls/mbedtls_v3.1.0/library/ssl_srv.c.obj
[63/768] Building C object CMakeFiles/mbedtls.dir/open_source/mbedtls/mbedtls_v3.1.0/library/ssl_ticket.c.obj
[64/768] Building C object CMakeFiles/mbedtls.dir/open_source/mbedtls/mbedtls_v3.1.0/library/ssl_tls.c.obj
[65/768] Building C object CMakeFiles/mbedtls.dir/open_source/mbedtls/mbedtls_v3.1.0/library/ssl_tls13_client.c.obj
[66/768] Building C object CMakeFiles/mbedtls.dir/open_source/mbedtls/mbedtls_v3.1.0/library/ssl_tls13_generic.c.obj
[67/768] Building C object CMakeFiles/mbedtls.dir/open_source/mbedtls/mbedtls_v3.1.0/library/ssl_tls13_server.c.obj
[68/768] Building C object CMakeFiles/mbedtls.dir/open_source/mbedtls/mbedtls_v3.1.0/library/ssl_tls13_keys.c.obj
[69/768] Building C object CMakeFiles/mbedtls.dir/open_source/mbedtls/mbedtls_v3.1.0/library/threading.c.obj
[70/768] Building C object CMakeFiles/mbedtls.dir/open_source/mbedtls/mbedtls_v3.1.0/library/version.c.obj
[71/768] Building C object CMakeFiles/mbedtls.dir/open_source/mbedtls/mbedtls_v3.1.0/library/version_features.c.obj
[72/768] Building C object CMakeFiles/mbedtls.dir/open_source/mbedtls/mbedtls_v3.1.0/library/x509.c.obj
[73/768] Building C object CMakeFiles/mbedtls.dir/open_source/mbedtls/mbedtls_v3.1.0/library/x509_create.c.obj
[74/768] Building C object CMakeFiles/mbedtls.dir/open_source/mbedtls/mbedtls_v3.1.0/library/x509_crl.c.obj
[75/768] Building C object CMakeFiles/mbedtls.dir/open_source/mbedtls/mbedtls_v3.1.0/library/x509_crt.c.obj
[76/768] Building C object CMakeFiles/mbedtls.dir/open_source/mbedtls/mbedtls_v3.1.0/library/x509_csr.c.obj
[77/768] Building C object CMakeFiles/mbedtls.dir/open_source/mbedtls/mbedtls_v3.1.0/library/x509write_crt.c.obj
[78/768] Building C object CMakeFiles/mbedtls.dir/open_source/mbedtls/mbedtls_v3.1.0/library/x509write_csr.c.obj
[79/768] Building C object CMakeFiles/mbedtls.dir/open_source/mbedtls/mbedtls_v3.1.0/library/net_sockets.c.obj
[80/768] Building C object CMakeFiles/mbedtls.dir/open_source/mbedtls/mbedtls_v3.1.0/harden/src/cipher_adapt.c.obj
[81/768] Building C object CMakeFiles/mbedtls.dir/open_source/mbedtls/mbedtls_v3.1.0/harden/src/cipher_common.c.obj
[82/768] Building C object CMakeFiles/mbedtls.dir/open_source/mbedtls/mbedtls_v3.1.0/harden/src/cmac_harden.c.obj
[83/768] Building C object CMakeFiles/mbedtls.dir/open_source/mbedtls/mbedtls_v3.1.0/harden/src/ecc_harden_common.c.obj
[84/768] Building C object CMakeFiles/mbedtls.dir/open_source/mbedtls/mbedtls_v3.1.0/harden/src/hkdf_harden.c.obj
[85/768] Building C object CMakeFiles/mbedtls.dir/open_source/mbedtls/mbedtls_v3.1.0/harden/src/pbkdf2_hmac_harden.c.obj
[86/768] Building C object CMakeFiles/mbedtls.dir/open_source/mbedtls/mbedtls_v3.1.0/harden/src/bignum_harden.c.obj
[87/768] Building C object CMakeFiles/mbedtls.dir/open_source/mbedtls/mbedtls_v3.1.0/harden/src/entropy_harden.c.obj
[88/768] Building C object CMakeFiles/mbedtls.dir/open_source/mbedtls/mbedtls_v3.1.0/harden/src/dfx.c.obj
[89/768] Building C object CMakeFiles/mbedtls.dir/open_source/mbedtls/mbedtls_v3.1.0/harden/src/gcm_harden.c.obj
[90/768] Building C object CMakeFiles/mbedtls.dir/open_source/mbedtls/mbedtls_v3.1.0/harden/src/ccm_harden.c.obj
[91/768] Building C object CMakeFiles/mbedtls.dir/open_source/mbedtls/mbedtls_v3.1.0/harden/src/hash_harden_common.c.obj
[92/768] Building C object CMakeFiles/mbedtls.dir/open_source/mbedtls/mbedtls_v3.1.0/harden/src/connect_src/hash_harden_adapt.c.obj
[93/768] Building C object CMakeFiles/mbedtls.dir/open_source/mbedtls/mbedtls_v3.1.0/harden/src/connect_src/sha1.c.obj
[94/768] Building C object CMakeFiles/mbedtls.dir/open_source/mbedtls/mbedtls_v3.1.0/harden/src/connect_src/sha256.c.obj
[95/768] Building C object CMakeFiles/mbedtls.dir/open_source/mbedtls/mbedtls_v3.1.0/harden/src/connect_src/sha512.c.obj
[96/768] Building C object CMakeFiles/mbedtls.dir/open_source/mbedtls/mbedtls_v3.1.0/harden/src/connect_src/aes.c.obj
[97/768] Building C object CMakeFiles/mbedtls.dir/open_source/mbedtls/mbedtls_v3.1.0/harden/src/connect_src/aes_harden_adapt.c.obj
[98/768] Building C object CMakeFiles/mbedtls.dir/open_source/mbedtls/mbedtls_v3.1.0/harden/src/ecc_harden.c.obj
../../../../open_source/mbedtls/mbedtls_v3.1.0/harden/src/ecc_harden.c:55:12: warning: 'ecdsa_sig_alloc' defined but not used [-Wunused-function]
 static int ecdsa_sig_alloc( const unsigned int klen, drv_pke_ecc_sig *sig )
            ^~~~~~~~~~~~~~~
[99/768] Building C object CMakeFiles/mbedtls.dir/open_source/mbedtls/mbedtls_v3.1.0/harden/src/connect_src/ecp_harden_adapt.c.obj
[100/768] Building C object CMakeFiles/little_fs.dir/open_source/littlefs/v2.5.0/lfs.c.obj
[101/768] Building C object CMakeFiles/little_fs.dir/open_source/littlefs/v2.5.0/lfs_util.c.obj


[102/768] Building C object CMakeFiles/coap.dir/open_source/libcoap/libcoap/src/coap_block.c.obj
[103/768] Building C object CMakeFiles/coap.dir/open_source/libcoap/libcoap/src/coap_hashkey.c.obj
[104/768] Building C object CMakeFiles/coap.dir/open_source/libcoap/libcoap/src/coap_io_lwip.c.obj
[105/768] Building C object CMakeFiles/coap.dir/open_source/libcoap/libcoap/src/coap_session.c.obj
[106/768] Building C object CMakeFiles/coap.dir/open_source/libcoap/libcoap/src/coap_encode.c.obj
[107/768] Building C object CMakeFiles/coap.dir/open_source/libcoap/libcoap/src/coap_option.c.obj
[108/768] Building C object CMakeFiles/coap.dir/open_source/libcoap/libcoap/src/coap_pdu.c.obj
[109/768] Building C object CMakeFiles/coap.dir/open_source/libcoap/libcoap/src/coap_resource.c.obj
[110/768] Building C object CMakeFiles/coap.dir/open_source/libcoap/libcoap/src/coap_str.c.obj
[111/768] Building C object CMakeFiles/mbedtls.dir/open_source/mbedtls/mbedtls_v3.1.0/harden/src/connect_src/rsa_harden_adapt.c.obj
../../../../open_source/mbedtls/mbedtls_v3.1.0/harden/src/connect_src/rsa_harden_adapt.c: In function 'inner_alloc_pub_key':
../../../../open_source/mbedtls/mbedtls_v3.1.0/harden/src/connect_src/rsa_harden_adapt.c:59:31: warning: unused variable 'e_len' [-Wunused-variable]
     size_t size_align, n_len, e_len = 0;
                               ^~~~~
../../../../open_source/mbedtls/mbedtls_v3.1.0/harden/src/connect_src/rsa_harden_adapt.c:59:24: warning: unused variable 'n_len' [-Wunused-variable]
     size_t size_align, n_len, e_len = 0;
                        ^~~~~
../../../../open_source/mbedtls/mbedtls_v3.1.0/harden/src/connect_src/rsa_harden_adapt.c: In function 'inner_alloc_priv_key_and_out_buf':
../../../../open_source/mbedtls/mbedtls_v3.1.0/harden/src/connect_src/rsa_harden_adapt.c:106:31: warning: unused variable 'd_len' [-Wunused-variable]
     size_t size_align, n_len, d_len = 0;
                               ^~~~~
../../../../open_source/mbedtls/mbedtls_v3.1.0/harden/src/connect_src/rsa_harden_adapt.c:106:24: warning: unused variable 'n_len' [-Wunused-variable]
     size_t size_align, n_len, d_len = 0;
                        ^~~~~
[112/768] Building C object CMakeFiles/mbedtls.dir/open_source/mbedtls/mbedtls_v3.1.0/harden/src/connect_src/ecp.c.obj
../../../../open_source/mbedtls/mbedtls_v3.1.0/harden/src/connect_src/ecp.c: In function 'mbedtls_ecp_mul_restartable':
../../../../open_source/mbedtls/mbedtls_v3.1.0/harden/src/connect_src/ecp.c:139:58: warning: unused parameter 'p_rng' [-Wunused-parameter]
     int (*f_rng)(void *, unsigned char *, size_t), void *p_rng,
                                                          ^~~~~
../../../../open_source/mbedtls/mbedtls_v3.1.0/harden/src/connect_src/ecp.c:140:30: warning: unused parameter 'rs_ctx' [-Wunused-parameter]
     mbedtls_ecp_restart_ctx *rs_ctx)
                              ^~~~~~
[113/768] Building C object CMakeFiles/coap.dir/open_source/libcoap/libcoap/src/coap_subscribe.c.obj
[114/768] Building C object CMakeFiles/coap.dir/open_source/libcoap/libcoap/src/coap_uri.c.obj
[115/768] Building C object CMakeFiles/coap.dir/open_source/libcoap/libcoap/src/coap_debug.c.obj
[116/768] Building C object CMakeFiles/coap.dir/open_source/libcoap/libcoap/src/coap_io.c.obj
[117/768] Building C object CMakeFiles/coap.dir/open_source/libcoap/libcoap/src/coap_address.c.obj
[118/768] Building C object CMakeFiles/coap.dir/open_source/libcoap/libcoap/src/coap_cache.c.obj
[119/768] Building C object CMakeFiles/coap.dir/open_source/libcoap/libcoap/src/coap_netif.c.obj
[120/768] Building C object CMakeFiles/coap.dir/open_source/libcoap/libcoap/src/coap_dtls.c.obj
[121/768] Building C object CMakeFiles/coap.dir/open_source/libcoap/libcoap/src/coap_net.c.obj
../../../../open_source/libcoap/libcoap/src/coap_net.c: In function 'coap_send_internal':
../../../../open_source/libcoap/libcoap/src/coap_net.c:1512:7: warning: jump skips variable initialization [-Wjump-misses-init]
       goto error;
       ^~~~
../../../../open_source/libcoap/libcoap/src/coap_net.c:1617:1: note: label 'error' defined here
 error:
 ^~~~~
../../../../open_source/libcoap/libcoap/src/coap_net.c:1605:17: note: 'node' declared here
   coap_queue_t *node = coap_new_node();
                 ^~~~
../../../../open_source/libcoap/libcoap/src/coap_net.c:1525:5: warning: jump skips variable initialization [-Wjump-misses-init]
     goto error;
     ^~~~
../../../../open_source/libcoap/libcoap/src/coap_net.c:1617:1: note: label 'error' defined here
 error:
 ^~~~~
../../../../open_source/libcoap/libcoap/src/coap_net.c:1605:17: note: 'node' declared here
   coap_queue_t *node = coap_new_node();
                 ^~~~
../../../../open_source/libcoap/libcoap/src/coap_net.c:1582:5: warning: jump skips variable initialization [-Wjump-misses-init]
     goto error;
     ^~~~
../../../../open_source/libcoap/libcoap/src/coap_net.c:1617:1: note: label 'error' defined here
 error:
 ^~~~~
../../../../open_source/libcoap/libcoap/src/coap_net.c:1605:17: note: 'node' declared here
   coap_queue_t *node = coap_new_node();
                 ^~~~
[122/768] Building C object CMakeFiles/coap.dir/open_source/libcoap/libcoap/src/coap_tcp.c.obj
[123/768] Building C object CMakeFiles/coap.dir/open_source/libcoap/libcoap/src/coap_ws.c.obj
[124/768] Building C object CMakeFiles/coap.dir/open_source/libcoap/libcoap/src/coap_layers.c.obj
[125/768] Building C object CMakeFiles/mbedtls.dir/open_source/mbedtls/mbedtls_v3.1.0/harden/src/connect_src/rsa.c.obj
../../../../open_source/mbedtls/mbedtls_v3.1.0/harden/src/connect_src/rsa.c: In function 'mbedtls_rsa_rsaes_oaep_encrypt':
../../../../open_source/mbedtls/mbedtls_v3.1.0/harden/src/connect_src/rsa.c:733:35: warning: unused parameter 'f_rng' [-Wunused-parameter]
                             int (*f_rng)(void *, unsigned char *, size_t),
                                   ^~~~~
../../../../open_source/mbedtls/mbedtls_v3.1.0/harden/src/connect_src/rsa.c:734:35: warning: unused parameter 'p_rng' [-Wunused-parameter]
                             void *p_rng,
                                   ^~~~~
../../../../open_source/mbedtls/mbedtls_v3.1.0/harden/src/connect_src/rsa.c: In function 'mbedtls_rsa_rsaes_pkcs1_v15_encrypt':
../../../../open_source/mbedtls/mbedtls_v3.1.0/harden/src/connect_src/rsa.c:785:20: warning: unused variable 'p' [-Wunused-variable]
     unsigned char *p = output;
                    ^
../../../../open_source/mbedtls/mbedtls_v3.1.0/harden/src/connect_src/rsa.c:784:9: warning: unused variable 'ret' [-Wunused-variable]
     int ret = MBEDTLS_ERR_ERROR_CORRUPTION_DETECTED;
         ^~~
../../../../open_source/mbedtls/mbedtls_v3.1.0/harden/src/connect_src/rsa.c:783:12: warning: unused variable 'nb_pad' [-Wunused-variable]
     size_t nb_pad, olen;
            ^~~~~~
../../../../open_source/mbedtls/mbedtls_v3.1.0/harden/src/connect_src/rsa.c:778:40: warning: unused parameter 'f_rng' [-Wunused-parameter]
                                  int (*f_rng)(void *, unsigned char *, size_t),
                                        ^~~~~
../../../../open_source/mbedtls/mbedtls_v3.1.0/harden/src/connect_src/rsa.c:779:40: warning: unused parameter 'p_rng' [-Wunused-parameter]
                                  void *p_rng, size_t ilen,
                                        ^~~~~
../../../../open_source/mbedtls/mbedtls_v3.1.0/harden/src/connect_src/rsa.c: In function 'mbedtls_rsa_rsaes_oaep_decrypt':
../../../../open_source/mbedtls/mbedtls_v3.1.0/harden/src/connect_src/rsa.c:848:35: warning: unused parameter 'f_rng' [-Wunused-parameter]
                             int (*f_rng)(void *, unsigned char *, size_t),
                                   ^~~~~
../../../../open_source/mbedtls/mbedtls_v3.1.0/harden/src/connect_src/rsa.c:849:35: warning: unused parameter 'p_rng' [-Wunused-parameter]
                             void *p_rng,
                                   ^~~~~
../../../../open_source/mbedtls/mbedtls_v3.1.0/harden/src/connect_src/rsa.c: In function 'mbedtls_rsa_rsaes_pkcs1_v15_decrypt':
../../../../open_source/mbedtls/mbedtls_v3.1.0/harden/src/connect_src/rsa.c:899:40: warning: unused parameter 'f_rng' [-Wunused-parameter]
                                  int (*f_rng)(void *, unsigned char *, size_t),
                                        ^~~~~
../../../../open_source/mbedtls/mbedtls_v3.1.0/harden/src/connect_src/rsa.c:900:40: warning: unused parameter 'p_rng' [-Wunused-parameter]
                                  void *p_rng,
                                        ^~~~~
../../../../open_source/mbedtls/mbedtls_v3.1.0/harden/src/connect_src/rsa.c: In function 'rsa_rsassa_pss_sign':
../../../../open_source/mbedtls/mbedtls_v3.1.0/harden/src/connect_src/rsa.c:967:32: warning: unused parameter 'f_rng' [-Wunused-parameter]
                          int (*f_rng)(void *, unsigned char *, size_t),
                                ^~~~~
../../../../open_source/mbedtls/mbedtls_v3.1.0/harden/src/connect_src/rsa.c:968:32: warning: unused parameter 'p_rng' [-Wunused-parameter]
                          void *p_rng,
                                ^~~~~
../../../../open_source/mbedtls/mbedtls_v3.1.0/harden/src/connect_src/rsa.c:972:30: warning: unused parameter 'saltlen' [-Wunused-parameter]
                          int saltlen,
                              ^~~~~~~
../../../../open_source/mbedtls/mbedtls_v3.1.0/harden/src/connect_src/rsa.c: In function 'mbedtls_rsa_rsassa_pss_sign_ext':
../../../../open_source/mbedtls/mbedtls_v3.1.0/harden/src/connect_src/rsa.c:1004:59: warning: unused parameter 'ctx' [-Wunused-parameter]
 int mbedtls_rsa_rsassa_pss_sign_ext( mbedtls_rsa_context *ctx,
                                                           ^~~
../../../../open_source/mbedtls/mbedtls_v3.1.0/harden/src/connect_src/rsa.c:1005:32: warning: unused parameter 'f_rng' [-Wunused-parameter]
                          int (*f_rng)(void *, unsigned char *, size_t),
                                ^~~~~
../../../../open_source/mbedtls/mbedtls_v3.1.0/harden/src/connect_src/rsa.c:1006:32: warning: unused parameter 'p_rng' [-Wunused-parameter]
                          void *p_rng,
                                ^~~~~
../../../../open_source/mbedtls/mbedtls_v3.1.0/harden/src/connect_src/rsa.c:1007:44: warning: unused parameter 'md_alg' [-Wunused-parameter]
                          mbedtls_md_type_t md_alg,
                                            ^~~~~~
../../../../open_source/mbedtls/mbedtls_v3.1.0/harden/src/connect_src/rsa.c:1008:39: warning: unused parameter 'hashlen' [-Wunused-parameter]
                          unsigned int hashlen,
                                       ^~~~~~~
../../../../open_source/mbedtls/mbedtls_v3.1.0/harden/src/connect_src/rsa.c:1009:47: warning: unused parameter 'hash' [-Wunused-parameter]
                          const unsigned char *hash,
                                               ^~~~
../../../../open_source/mbedtls/mbedtls_v3.1.0/harden/src/connect_src/rsa.c:1010:30: warning: unused parameter 'saltlen' [-Wunused-parameter]
                          int saltlen,
                              ^~~~~~~
../../../../open_source/mbedtls/mbedtls_v3.1.0/harden/src/connect_src/rsa.c:1011:41: warning: unused parameter 'sig' [-Wunused-parameter]
                          unsigned char *sig )
                                         ^~~
../../../../open_source/mbedtls/mbedtls_v3.1.0/harden/src/connect_src/rsa.c: In function 'mbedtls_rsa_rsassa_pkcs1_v15_sign':
../../../../open_source/mbedtls/mbedtls_v3.1.0/harden/src/connect_src/rsa.c:1043:38: warning: unused parameter 'f_rng' [-Wunused-parameter]
                                int (*f_rng)(void *, unsigned char *, size_t),
                                      ^~~~~
../../../../open_source/mbedtls/mbedtls_v3.1.0/harden/src/connect_src/rsa.c:1044:38: warning: unused parameter 'p_rng' [-Wunused-parameter]
                                void *p_rng,
                                      ^~~~~
../../../../open_source/mbedtls/mbedtls_v3.1.0/harden/src/connect_src/rsa.c: In function 'mbedtls_rsa_rsassa_pss_verify_ext':
../../../../open_source/mbedtls/mbedtls_v3.1.0/harden/src/connect_src/rsa.c:1122:36: warning: unused parameter 'expected_salt_len' [-Wunused-parameter]
                                int expected_salt_len,
                                    ^~~~~~~~~~~~~~~~~
[126/768] Building C object CMakeFiles/coap.dir/open_source/libcoap/libcoap/src/coap_async.c.obj
[127/768] Building C object CMakeFiles/coap.dir/open_source/libcoap/libcoap/src/coap_notls.c.obj
[128/768] Building C object CMakeFiles/wpa_supplicant.dir/open_source/wpa_supplicant/wpa_supplicant/bss.c.obj
[129/768] Building C object CMakeFiles/wpa_supplicant.dir/open_source/wpa_supplicant/wpa_supplicant/config.c.obj
[130/768] Building C object CMakeFiles/wpa_supplicant.dir/open_source/wpa_supplicant/wpa_supplicant/ctrl_iface.c.obj
[131/768] Building C object CMakeFiles/wpa_supplicant.dir/open_source/wpa_supplicant/wpa_supplicant/eap_register.c.obj
[132/768] Building C object CMakeFiles/wpa_supplicant.dir/open_source/wpa_supplicant/wpa_supplicant/events.c.obj
[133/768] Building C object CMakeFiles/wpa_supplicant.dir/open_source/wpa_supplicant/wpa_supplicant/scan.c.obj
[134/768] Building C object CMakeFiles/wpa_supplicant.dir/open_source/wpa_supplicant/wpa_supplicant/wpa_supplicant.c.obj
[135/768] Building C object CMakeFiles/wpa_supplicant.dir/open_source/wpa_supplicant/wpa_supplicant/wpas_glue.c.obj
[136/768] Building C object CMakeFiles/wpa_supplicant.dir/open_source/wpa_supplicant/wpa_supplicant/ap.c.obj
[137/768] Building C object CMakeFiles/wpa_supplicant.dir/middleware/services/wifi_service/hostapd/liteos_hostapd_src/hostapd_main_rtos.c.obj
[138/768] Building C object CMakeFiles/wpa_supplicant.dir/middleware/services/wifi_service/hostapd/liteos_hostapd_src/hostapd_ctrl_iface_rtos.c.obj
[139/768] Building C object CMakeFiles/wpa_supplicant.dir/open_source/wpa_supplicant/liteos_wpa_src/crypto_mbedtls.c.obj
[140/768] Building C object CMakeFiles/wpa_supplicant.dir/open_source/wpa_supplicant/liteos_wpa_src/ctrl_iface_rtos.c.obj
[141/768] Building C object CMakeFiles/wpa_supplicant.dir/open_source/wpa_supplicant/liteos_wpa_src/eloop_rtos.c.obj
[142/768] Building C object CMakeFiles/wpa_supplicant.dir/open_source/wpa_supplicant/liteos_wpa_src/l2_packet_rtos.c.obj
[143/768] Building C object CMakeFiles/wpa_supplicant.dir/open_source/wpa_supplicant/liteos_wpa_src/main_rtos.c.obj
[144/768] Building C object CMakeFiles/wpa_supplicant.dir/open_source/wpa_supplicant/liteos_wpa_src/os_rtos.c.obj


[145/768] Building C object CMakeFiles/wpa_supplicant.dir/open_source/wpa_supplicant/liteos_wpa_src/wpa_cli_rtos.c.obj
[146/768] Building C object CMakeFiles/wpa_supplicant.dir/middleware/services/wifi_service/wpa/liteos_wpa_api/wifi_api.c.obj
[147/768] Building C object CMakeFiles/wpa_supplicant.dir/middleware/services/wifi_service/wpa/liteos_wpa_api/wifi_softap_api.c.obj
[148/768] Building C object CMakeFiles/wpa_supplicant.dir/open_source/wpa_supplicant/src/common/ieee802_11_common.c.obj
[149/768] Building C object CMakeFiles/wpa_supplicant.dir/open_source/wpa_supplicant/src/common/wpa_common.c.obj
[150/768] Building C object CMakeFiles/wpa_supplicant.dir/open_source/wpa_supplicant/src/common/hw_features_common.c.obj
[151/768] Building C object CMakeFiles/wpa_supplicant.dir/open_source/wpa_supplicant/src/crypto/aes-internal.c.obj
[152/768] Building C object CMakeFiles/wpa_supplicant.dir/open_source/wpa_supplicant/src/crypto/aes-unwrap.c.obj
[153/768] Building C object CMakeFiles/wpa_supplicant.dir/open_source/wpa_supplicant/src/crypto/aes-wrap.c.obj
[154/768] Building C object CMakeFiles/wpa_supplicant.dir/open_source/wpa_supplicant/src/crypto/aes-omac1.c.obj
[155/768] Building C object CMakeFiles/wpa_supplicant.dir/open_source/wpa_supplicant/src/crypto/crypto_internal-modexp.c.obj
[156/768] Building C object CMakeFiles/wpa_supplicant.dir/open_source/wpa_supplicant/src/crypto/dh_groups.c.obj
[157/768] Building C object CMakeFiles/wpa_supplicant.dir/open_source/wpa_supplicant/src/crypto/md5.c.obj
[158/768] Building C object CMakeFiles/wpa_supplicant.dir/open_source/wpa_supplicant/src/crypto/random.c.obj
[159/768] Building C object CMakeFiles/wpa_supplicant.dir/open_source/wpa_supplicant/src/crypto/rc4.c.obj
[160/768] Building C object CMakeFiles/wpa_supplicant.dir/open_source/wpa_supplicant/src/crypto/sha1-prf.c.obj
[161/768] Building C object CMakeFiles/wpa_supplicant.dir/open_source/wpa_supplicant/src/crypto/sha256-prf.c.obj
[162/768] Building C object CMakeFiles/wpa_supplicant.dir/open_source/wpa_supplicant/src/drivers/drivers.c.obj
[163/768] Building C object CMakeFiles/wpa_supplicant.dir/open_source/wpa_supplicant/src/drivers/driver_common.c.obj
[164/768] Building C object CMakeFiles/wpa_supplicant.dir/open_source/wpa_supplicant/src/eapol_supp/eapol_supp_sm.c.obj
[165/768] Building C object CMakeFiles/wpa_supplicant.dir/open_source/wpa_supplicant/src/eap_peer/eap.c.obj
[166/768] Building C object CMakeFiles/wpa_supplicant.dir/open_source/wpa_supplicant/src/eap_peer/eap_methods.c.obj
[167/768] Building C object CMakeFiles/wpa_supplicant.dir/open_source/wpa_supplicant/src/eap_common/eap_common.c.obj
[168/768] Building C object CMakeFiles/wpa_supplicant.dir/open_source/wpa_supplicant/src/eapol_auth/eapol_auth_sm.c.obj
[169/768] Building C object CMakeFiles/wpa_supplicant.dir/open_source/wpa_supplicant/src/eap_server/eap_server.c.obj
[170/768] Building C object CMakeFiles/wpa_supplicant.dir/open_source/wpa_supplicant/src/eap_server/eap_server_identity.c.obj
[171/768] Building C object CMakeFiles/wpa_supplicant.dir/open_source/wpa_supplicant/src/eap_server/eap_server_methods.c.obj
[172/768] Building C object CMakeFiles/wpa_supplicant.dir/open_source/wpa_supplicant/src/rsn_supp/wpa.c.obj
[173/768] Building C object CMakeFiles/wpa_supplicant.dir/open_source/wpa_supplicant/src/rsn_supp/wpa_ie.c.obj
[174/768] Building C object CMakeFiles/wpa_supplicant.dir/open_source/wpa_supplicant/src/utils/base64.c.obj
[175/768] Building C object CMakeFiles/wpa_supplicant.dir/open_source/wpa_supplicant/src/utils/common.c.obj
[176/768] Building C object CMakeFiles/wpa_supplicant.dir/open_source/wpa_supplicant/src/utils/uuid.c.obj
[177/768] Building C object CMakeFiles/wpa_supplicant.dir/open_source/wpa_supplicant/src/utils/wpa_debug.c.obj
[178/768] Building C object CMakeFiles/wpa_supplicant.dir/open_source/wpa_supplicant/src/utils/wpabuf.c.obj
[179/768] Building C object CMakeFiles/wpa_supplicant.dir/open_source/wpa_supplicant/src/tls/bignum.c.obj
[180/768] Building C object CMakeFiles/wpa_supplicant.dir/open_source/wpa_supplicant/src/ap/hostapd.c.obj
[181/768] Building C object CMakeFiles/wpa_supplicant.dir/open_source/wpa_supplicant/src/ap/bss_load.c.obj
[182/768] Building C object CMakeFiles/wpa_supplicant.dir/open_source/wpa_supplicant/src/ap/wpa_auth_glue.c.obj
[183/768] Building C object CMakeFiles/wpa_supplicant.dir/open_source/wpa_supplicant/src/ap/utils.c.obj
[184/768] Building C object CMakeFiles/wpa_supplicant.dir/open_source/wpa_supplicant/src/ap/ap_config.c.obj
[185/768] Building C object CMakeFiles/wpa_supplicant.dir/open_source/wpa_supplicant/src/ap/sta_info.c.obj
[186/768] Building C object CMakeFiles/wpa_supplicant.dir/open_source/wpa_supplicant/src/ap/ap_mlme.c.obj
[187/768] Building C object CMakeFiles/wpa_supplicant.dir/open_source/wpa_supplicant/src/ap/drv_callbacks.c.obj
[188/768] Building C object CMakeFiles/wpa_supplicant.dir/open_source/wpa_supplicant/src/ap/ap_drv_ops.c.obj
[189/768] Building C object CMakeFiles/wpa_supplicant.dir/open_source/wpa_supplicant/src/ap/ieee802_11_ht.c.obj
[190/768] Building C object CMakeFiles/wpa_supplicant.dir/open_source/wpa_supplicant/src/ap/ieee802_11.c.obj
[191/768] Building C object CMakeFiles/wpa_supplicant.dir/open_source/wpa_supplicant/src/ap/hw_features.c.obj
[192/768] Building C object CMakeFiles/wpa_supplicant.dir/open_source/wpa_supplicant/src/ap/wpa_auth.c.obj
[193/768] Building C object CMakeFiles/wpa_supplicant.dir/open_source/wpa_supplicant/src/ap/wpa_auth_ie.c.obj
[194/768] Building C object CMakeFiles/wpa_supplicant.dir/open_source/wpa_supplicant/src/ap/ieee802_1x.c.obj
[195/768] Building C object CMakeFiles/wpa_supplicant.dir/open_source/wpa_supplicant/src/ap/ieee802_11_he.c.obj
[196/768] Building C object CMakeFiles/wpa_supplicant.dir/open_source/wpa_supplicant/src/ap/beacon.c.obj
[197/768] Building C object CMakeFiles/wpa_supplicant.dir/open_source/wpa_supplicant/src/ap/acs.c.obj
[198/768] Building C object CMakeFiles/wpa_supplicant.dir/open_source/wpa_supplicant/src/ap/pmksa_cache_auth.c.obj
[199/768] Building C object CMakeFiles/wpa_supplicant.dir/open_source/wpa_supplicant/wpa_supplicant/sme.c.obj
[200/768] Building C object CMakeFiles/wpa_supplicant.dir/open_source/wpa_supplicant/src/common/sae.c.obj
[201/768] Building C object CMakeFiles/wpa_supplicant.dir/open_source/wpa_supplicant/src/rsn_supp/pmksa_cache.c.obj
[202/768] Building C object CMakeFiles/wpa_supplicant.dir/middleware/services/wifi_service/wpa/ltos_src/eloop_ltos.c.obj
[203/768] Building C object CMakeFiles/wpa_supplicant.dir/middleware/services/wifi_service/wpa/osdep/osdep_osal.c.obj
[204/768] Building C object CMakeFiles/wpa_supplicant.dir/middleware/services/wifi_service/wpa/driver_soc/driver_soc.c.obj
[205/768] Building C object CMakeFiles/wpa_supplicant.dir/middleware/services/wifi_service/wpa/driver_soc/driver_soc_ioctl.c.obj
[206/768] Building C object CMakeFiles/wpa_supplicant.dir/open_source/wpa_supplicant/src/ap/ieee802_11_shared.c.obj
[207/768] Building C object CMakeFiles/wpa_supplicant.dir/open_source/wpa_supplicant/src/crypto/sha256-kdf.c.obj
[208/768] Building C object CMakeFiles/wpa_supplicant.dir/open_source/wpa_supplicant/src/utils/crc32.c.obj
[209/768] Building C object CMakeFiles/wpa_supplicant.dir/open_source/wpa_supplicant/src/crypto/sha384-prf.c.obj
[210/768] Building C object CMakeFiles/wpa_supplicant.dir/open_source/wpa_supplicant/src/crypto/sha384-kdf.c.obj
[211/768] Building C object CMakeFiles/wpa_supplicant.dir/open_source/wpa_supplicant/src/ap/eap_user_db.c.obj
[212/768] Building C object CMakeFiles/wpa_supplicant.dir/open_source/wpa_supplicant/src/crypto/sha512-kdf.c.obj
[213/768] Building C object CMakeFiles/wpa_supplicant.dir/open_source/wpa_supplicant/src/crypto/sha512-prf.c.obj
[214/768] Building C object CMakeFiles/wpa_supplicant.dir/open_source/wpa_supplicant/wpa_supplicant/notify.c.obj
[215/768] Building C object CMakeFiles/wpa_supplicant.dir/middleware/services/wifi_service/wpa/scan_list_adapt/scan_list_adapt.c.obj
[216/768] Building C object application/ws63/ws63_liteos_application/CMakeFiles/ws63_liteos_app.dir/main.c.obj
[217/768] Building ASM object application/ws63/ws63_liteos_application/CMakeFiles/ws63_liteos_app.dir/reset_vector.S.obj
[218/768] Building C object CMakeFiles/wpa_supplicant.dir/open_source/wpa_supplicant/src/common/dragonfly.c.obj
[219/768] Building C object application/ws63/ws63_liteos_application/CMakeFiles/ws63_liteos_app.dir/clock_init.c.obj
[220/768] Building C object kernel/non_os/non_os/CMakeFiles/non_os.dir/non_os_utils.c.obj
[221/768] Building C object kernel/non_os/non_os/CMakeFiles/non_os.dir/non_os_nmi.c.obj
[222/768] Building C object kernel/osal/CMakeFiles/osal.dir/adapt/liteos/osal_debug_adapt.c.obj
[223/768] Building C object kernel/osal/CMakeFiles/osal.dir/adapt/liteos/oal_onetrack.c.obj
[224/768] Building C object kernel/osal/CMakeFiles/osal.dir/adapt/liteos/osal_cpp_adapt.c.obj
[225/768] Building C object kernel/osal/CMakeFiles/osal.dir/src/liteos/osal_addr.c.obj
[226/768] Building C object kernel/osal/CMakeFiles/osal.dir/src/liteos/osal_atomic.c.obj
[227/768] Building C object kernel/osal/CMakeFiles/osal.dir/src/liteos/osal_barrier.c.obj
[228/768] Building C object kernel/osal/CMakeFiles/osal.dir/src/liteos/osal_cache.c.obj
[229/768] Building C object kernel/osal/CMakeFiles/osal.dir/src/liteos/osal_completion.c.obj
[230/768] Building C object kernel/osal/CMakeFiles/osal.dir/src/liteos/osal_debug.c.obj
[231/768] Building C object kernel/osal/CMakeFiles/osal.dir/src/liteos/osal_drvbox.c.obj
[232/768] Building C object kernel/osal/CMakeFiles/osal.dir/src/liteos/osal_event.c.obj


[233/768] Building C object kernel/osal/CMakeFiles/osal.dir/src/liteos/osal_fileops.c.obj
[234/768] Building C object kernel/osal/CMakeFiles/osal.dir/src/liteos/osal_interrupt.c.obj
[235/768] Building C object kernel/osal/CMakeFiles/osal.dir/src/liteos/osal_math.c.obj
[236/768] Building C object kernel/osal/CMakeFiles/osal.dir/src/liteos/osal_msgqueue.c.obj
[237/768] Building C object kernel/osal/CMakeFiles/osal.dir/src/liteos/osal_mutex.c.obj
[238/768] Building C object kernel/osal/CMakeFiles/osal.dir/src/liteos/osal_semaphore.c.obj
[239/768] Building C object kernel/osal/CMakeFiles/osal.dir/src/liteos/osal_spinlock.c.obj
[240/768] Building C object kernel/osal/CMakeFiles/osal.dir/src/liteos/osal_string.c.obj
[241/768] Building C object kernel/osal/CMakeFiles/osal.dir/src/liteos/osal_task.c.obj
[242/768] Building C object kernel/osal/CMakeFiles/osal.dir/src/liteos/osal_timer.c.obj
[243/768] Building C object kernel/osal/CMakeFiles/osal.dir/src/liteos/osal_wait.c.obj
[244/768] Building C object kernel/osal/CMakeFiles/osal.dir/src/liteos/osal_workqueue.c.obj
[245/768] Building C object kernel/osal_adapt/CMakeFiles/osal_adapt.dir/src/osal_adapt_atomic.c.obj
[246/768] Building C object kernel/osal_adapt/CMakeFiles/osal_adapt.dir/src/osal_adapt_event.c.obj
[247/768] Building C object kernel/osal_adapt/CMakeFiles/osal_adapt.dir/src/osal_adapt_string.c.obj
[248/768] Building C object kernel/osal_adapt/CMakeFiles/osal_adapt.dir/src/osal_adapt_task.c.obj
[249/768] Building C object kernel/osal_adapt/CMakeFiles/osal_adapt.dir/src/osal_adapt_timer.c.obj
[250/768] Building C object kernel/osal_adapt/CMakeFiles/osal_adapt.dir/src/osal_adapt_debug.c.obj
[251/768] Building C object driver/adc/CMakeFiles/adc.dir/adc.c.obj
[252/768] Building C object driver/dma/CMakeFiles/dma.dir/dma.c.obj
[253/768] Building C object driver/gpio/CMakeFiles/gpio.dir/gpio.c.obj
[254/768] Building C object driver/i2c/CMakeFiles/i2c.dir/i2c.c.obj
[255/768] Building C object driver/i2s/CMakeFiles/i2s.dir/i2s.c.obj
[256/768] Building C object driver/lpm/CMakeFiles/lpm.dir/lpm_dev_ops.c.obj
[257/768] Building C object driver/pmp/CMakeFiles/pmp.dir/pmp.c.obj
[258/768] Building C object driver/pwm/CMakeFiles/pwm.dir/pwm.c.obj
[259/768] Building C object driver/security_unified/CMakeFiles/drv_security_unified.dir/drv_cipher/drv_code/drv_symc.c.obj
[260/768] Building C object driver/security_unified/CMakeFiles/drv_security_unified.dir/drv_cipher/drv_code/drv_symc_mac_hard.c.obj
[261/768] Building C object driver/security_unified/CMakeFiles/drv_security_unified.dir/drv_cipher/drv_code/crypto_drv_common.c.obj
[262/768] Building C object driver/security_unified/CMakeFiles/drv_security_unified.dir/drv_cipher/drv_code/drv_hash.c.obj
[263/768] Building C object driver/security_unified/CMakeFiles/drv_security_unified.dir/drv_cipher/drv_code/drv_pbkdf2_hard.c.obj
[264/768] Building C object driver/security_unified/CMakeFiles/drv_security_unified.dir/drv_cipher/drv_code/drv_trng.c.obj
[265/768] Building C object driver/security_unified/CMakeFiles/drv_security_unified.dir/drv_fapc/drv_fapc.c.obj
[266/768] Building C object driver/security_unified/CMakeFiles/drv_security_unified.dir/drv_km/drv_keyslot.c.obj
[267/768] Building C object driver/security_unified/CMakeFiles/drv_security_unified.dir/drv_km/drv_klad.c.obj
[268/768] Building C object driver/security_unified/CMakeFiles/drv_security_unified.dir/init/cfbb/crypto_curve_param.c.obj
[269/768] Building C object driver/security_unified/CMakeFiles/drv_security_unified.dir/drv_cipher/drv_pke_v5/drv_pke_ecdsa.c.obj
[270/768] Building C object driver/security_unified/CMakeFiles/drv_security_unified.dir/drv_pke_weak_func.c.obj
[271/768] Building C object driver/security_unified/CMakeFiles/drv_security_unified.dir/kapi/source/kapi_hash.c.obj
[272/768] Building C object driver/security_unified/CMakeFiles/drv_security_unified.dir/kapi/source/kapi_hash_simple.c.obj
[273/768] Building C object driver/security_unified/CMakeFiles/drv_security_unified.dir/kapi/source/kapi_init.c.obj
[274/768] Building C object driver/security_unified/CMakeFiles/drv_security_unified.dir/kapi/source/kapi_pke.c.obj
[275/768] Building C object driver/security_unified/CMakeFiles/drv_security_unified.dir/kapi/source/kapi_symc.c.obj
[276/768] Building C object driver/security_unified/CMakeFiles/drv_security_unified.dir/kapi/source/kapi_trng.c.obj
[277/768] Building C object driver/security_unified/CMakeFiles/drv_security_unified.dir/kapi/source/kapi_km.c.obj
[278/768] Building C object driver/security_unified/CMakeFiles/drv_security_unified.dir/service_layer/sl_common.c.obj
[279/768] Building C object driver/security_unified/CMakeFiles/drv_security_unified.dir/service_layer/trng.c.obj
[280/768] Building C object driver/security_unified/CMakeFiles/drv_security_unified.dir/service_layer/cipher.c.obj
[281/768] Building C object driver/security_unified/CMakeFiles/drv_security_unified.dir/service_layer/pke.c.obj
[282/768] Building C object driver/security_unified/CMakeFiles/drv_security_unified.dir/service_layer/km.c.obj
[283/768] Building C object driver/security_unified/CMakeFiles/drv_security_unified.dir/service_layer/security_init.c.obj
[284/768] Building C object driver/security_unified/CMakeFiles/drv_security_unified.dir/service_layer/security_sha256.c.obj
[285/768] Building C object driver/security_unified/CMakeFiles/drv_security_unified.dir/init/cfbb/os/crypto_drv_init.c.obj
[286/768] Building C object driver/security_unified/CMakeFiles/drv_security_unified.dir/init/cfbb/os/crypto_drv_irq.c.obj
[287/768] Building C object driver/security_unified/CMakeFiles/drv_security_unified.dir/drv_cipher/drv_pke_v5/drv_pke_ecc_cal.c.obj
[288/768] Building C object driver/security_unified/CMakeFiles/drv_security_unified.dir/kapi/source/kapi_pke_ecc_cal.c.obj
[289/768] Building C object driver/security_unified/CMakeFiles/drv_security_unified.dir/drv_cipher/drv_pke_v5/drv_pke_cal.c.obj
[290/768] Building C object driver/security_unified/CMakeFiles/drv_security_unified.dir/drv_cipher/drv_pke_v5/drv_pke_rsa.c.obj
[291/768] Building C object driver/security_unified/CMakeFiles/drv_security_unified.dir/drv_cipher/drv_pke_v5/ecc/drv_pke_ecc_sign.c.obj
[292/768] Building C object driver/security_unified/CMakeFiles/drv_security_unified.dir/drv_cipher/drv_pke_v5/ecc/drv_pke_ecc_verify.c.obj
[293/768] Building C object driver/security_unified/CMakeFiles/drv_security_unified.dir/drv_cipher/drv_pke_v5/drv_pke_ecc_ecdh.c.obj
[294/768] Building C object driver/security_unified/CMakeFiles/drv_security_unified.dir/drv_cipher/drv_pke_v5/drv_pke_ecc_gen_key.c.obj
[295/768] Building C object application/samples/CMakeFiles/samples.dir/mydemo/foc/foc_example.c.obj
[296/768] Building C object driver/security_unified/CMakeFiles/drv_security_unified.dir/mbedtls_harden_adapt/mbedtls_harden_adapt.c.obj
[297/768] Building C object driver/security_unified/CMakeFiles/drv_security_unified.dir/mbedtls_harden_adapt/ecp_harden_impl.c.obj
[298/768] Building C object driver/security_unified/CMakeFiles/drv_security_unified.dir/mbedtls_harden_adapt/hash_harden_impl_long_term.c.obj
[299/768] Building C object driver/security_unified/CMakeFiles/drv_security_unified.dir/mbedtls_harden_adapt/aes_harden_impl_long_term.c.obj
[300/768] Building C object driver/spi/CMakeFiles/spi.dir/spi.c.obj
[301/768] Building C object driver/tsensor/CMakeFiles/tsensor.dir/tsensor.c.obj
[302/768] Building C object driver/uart/CMakeFiles/uart.dir/uart.c.obj
[303/768] Building C object driver/efuse/CMakeFiles/efuse.dir/efuse.c.obj
[304/768] Building C object hal/adc/CMakeFiles/hal_adc.dir/hal_adc.c.obj
[305/768] Building C object hal/adc/CMakeFiles/hal_adc.dir/v154/hal_adc_v154.c.obj
[306/768] Building C object hal/adc/CMakeFiles/hal_adc.dir/v154/hal_adc_v154_regs_op.c.obj
[307/768] Building C object hal/cpu_core/CMakeFiles/hal_cpu_core.dir/hal_cpu_core.c.obj
[308/768] Building C object hal/dma/CMakeFiles/hal_dma_v151.dir/hal_dma.c.obj
[309/768] Building C object hal/dma/CMakeFiles/hal_dma_v151.dir/hal_dma_mem.c.obj
[310/768] Building C object hal/dma/CMakeFiles/hal_dma_v151.dir/v151/hal_dmac_v151.c.obj
[311/768] Building C object hal/dma/CMakeFiles/hal_dma_v151.dir/v151/hal_dmac_v151_regs_op.c.obj
[312/768] Building C object hal/efuse/CMakeFiles/hal_efuse_v151.dir/hal_efuse.c.obj


[313/768] Building C object hal/efuse/CMakeFiles/hal_efuse_v151.dir/v151/hal_efuse_v151.c.obj
[314/768] Building C object hal/efuse/CMakeFiles/hal_efuse_v151.dir/v151/hal_efuse_v151_reg_op.c.obj
[315/768] Building C object hal/gpio/CMakeFiles/hal_gpio_v150.dir/hal_gpio.c.obj
[316/768] Building C object hal/gpio/CMakeFiles/hal_gpio_v150.dir/v150/hal_gpio_v150.c.obj
[317/768] Building C object hal/gpio/CMakeFiles/hal_gpio_v150.dir/v150/hal_gpio_v150_regs_op.c.obj
[318/768] Building C object hal/gpio/CMakeFiles/hal_gpio_v150.dir/v150/hal_gpio_v150_comm.c.obj
[319/768] Building C object hal/i2c/CMakeFiles/hal_i2c.dir/hal_i2c.c.obj
[320/768] Building C object hal/i2c/CMakeFiles/hal_i2c.dir/v150/hal_i2c_v150_master.c.obj
[321/768] Building C object hal/i2c/CMakeFiles/hal_i2c.dir/v150/hal_i2c_v150.c.obj
[322/768] Building C object hal/i2c/CMakeFiles/hal_i2c.dir/v150/hal_i2c_v150_comm.c.obj
[323/768] Building C object hal/i2c/CMakeFiles/hal_i2c.dir/v150/hal_i2c_v150_regs_op.c.obj
[324/768] Building C object hal/mips/CMakeFiles/hal_mips.dir/hal_mips.c.obj
[325/768] Building C object hal/pmp/CMakeFiles/hal_pmp.dir/hal_pmp.c.obj
[326/768] Building C object hal/pmp/CMakeFiles/hal_pmp.dir/v31/hal_pmp_riscv31.c.obj
[327/768] Building C object hal/pmp/CMakeFiles/hal_pmp.dir/v31/hal_pmp_riscv31_regs_op.c.obj
[328/768] Building C object hal/pwm/CMakeFiles/hal_pwm.dir/hal_pwm.c.obj
[329/768] Building C object hal/pwm/CMakeFiles/hal_pwm.dir/v151/hal_pwm_v151.c.obj
[330/768] Building C object hal/pwm/CMakeFiles/hal_pwm.dir/v151/hal_pwm_v151_regs_op.c.obj
[331/768] Building C object hal/reboot/CMakeFiles/hal_reboot.dir/hal_reboot.c.obj
[332/768] Building C object hal/security_unified/CMakeFiles/hal_security_unified.dir/crypto_osal/cfbb/os/crypto_osal_lib.c.obj
[333/768] Building C object hal/security_unified/CMakeFiles/hal_security_unified.dir/crypto_osal/cfbb/crypto_security.c.obj
[334/768] Building C object hal/security_unified/CMakeFiles/hal_security_unified.dir/hal_cipher/pke/alg/drv_common_pke.c.obj
[335/768] Building C object hal/security_unified/CMakeFiles/hal_security_unified.dir/hal_cipher/pke/alg/ecc_ec_fp_sign_verify_common.c.obj
[336/768] Building C object hal/security_unified/CMakeFiles/hal_security_unified.dir/hal_cipher/pke/arch/ecc_data_ram_addr.c.obj
[337/768] Building C object hal/security_unified/CMakeFiles/hal_security_unified.dir/hal_cipher/pke/arch/rom_lib.c.obj
[338/768] Building C object hal/security_unified/CMakeFiles/hal_security_unified.dir/hal_cipher/pke/hal_pke.c.obj
[339/768] Building C object hal/security_unified/CMakeFiles/hal_security_unified.dir/hal_cipher/spacc/hal_hash.c.obj
[340/768] Building C object hal/security_unified/CMakeFiles/hal_security_unified.dir/hal_cipher/spacc/hal_symc.c.obj
[341/768] Building C object hal/security_unified/CMakeFiles/hal_security_unified.dir/hal_cipher/trng/hal_trng.c.obj
[342/768] Building C object hal/security_unified/CMakeFiles/hal_security_unified.dir/hal_fapc/hal_fapc.c.obj
[343/768] Building C object hal/security_unified/CMakeFiles/hal_security_unified.dir/hal_km/hal_rkp.c.obj
[344/768] Building C object hal/security_unified/CMakeFiles/hal_security_unified.dir/hal_km/hal_keyslot.c.obj
[345/768] Building C object hal/security_unified/CMakeFiles/hal_security_unified.dir/hal_km/hal_klad.c.obj
[346/768] Building C object hal/security_unified/CMakeFiles/hal_security_unified.dir/hal_cipher/pke/arch/rsa_data_ram_addr.c.obj
[347/768] Building C object hal/security_unified/CMakeFiles/hal_security_unified.dir/hal_cipher/pke/alg/rsa.c.obj
[348/768] Building C object hal/security_unified/CMakeFiles/hal_security_unified.dir/hal_cipher/pke/alg/sm2_ec_fp_sign_verify.c.obj
[349/768] Building C object hal/security_unified/CMakeFiles/hal_security_unified.dir/hal_cipher/pke/alg/ecc_ec_fp_sign_common.c.obj
[350/768] Building C object hal/security_unified/CMakeFiles/hal_security_unified.dir/hal_cipher/pke/alg/ecc_ec_fp_sign.c.obj
[351/768] Building C object hal/security_unified/CMakeFiles/hal_security_unified.dir/hal_cipher/pke/alg/ecc_ec_fp_verify_common.c.obj
[352/768] Building C object hal/security_unified/CMakeFiles/hal_security_unified.dir/hal_cipher/pke/alg/ecc_ec_fp_verify.c.obj
[353/768] Building C object hal/spi/CMakeFiles/hal_spi.dir/hal_spi.c.obj
[354/768] Building C object hal/spi/CMakeFiles/hal_spi.dir/v151/hal_spi_v151.c.obj
[355/768] Building C object hal/spi/CMakeFiles/hal_spi.dir/v151/hal_spi_v151_regs_op.c.obj
[356/768] Building C object hal/uart/CMakeFiles/hal_uart.dir/hal_uart.c.obj
[357/768] Building C object hal/uart/CMakeFiles/hal_uart.dir/v151/hal_uart_v151.c.obj
[358/768] Building C object hal/uart/CMakeFiles/hal_uart.dir/v151/hal_uart_v151_regs_op.c.obj
[359/768] Building C object hal/tsensor/CMakeFiles/hal_tsensor.dir/hal_tsensor.c.obj
[360/768] Building C object hal/tsensor/CMakeFiles/hal_tsensor.dir/v151/hal_tsensor_v151.c.obj
[361/768] Building C object hal/tsensor/CMakeFiles/hal_tsensor.dir/v151/hal_tsensor_v151_regs_op.c.obj
[362/768] Building C object hal/sio/CMakeFiles/hal_sio.dir/hal_sio.c.obj
[363/768] Building C object drivers/chips/ws63/CMakeFiles/chip_ws63.dir/arch/riscv/riscv31/interrupt.c.obj
[364/768] Building C object drivers/chips/ws63/CMakeFiles/chip_ws63.dir/arch/riscv/riscv31/interrupt_handler.c.obj
[365/768] Building ASM object drivers/chips/ws63/CMakeFiles/chip_ws63.dir/arch/riscv/riscv31/vectors.s.obj
[366/768] Building C object drivers/chips/ws63/CMakeFiles/chip_ws63.dir/arch/riscv/riscv31/flash_patch.c.obj
[367/768] Building C object drivers/chips/ws63/CMakeFiles/chip_ws63.dir/interrupt/interrupt_adapter.c.obj
[368/768] Building C object drivers/chips/ws63/CMakeFiles/chip_ws63.dir/vectors/vectors.c.obj
[369/768] Building C object drivers/chips/ws63/CMakeFiles/chip_ws63.dir/interrupt/interrupt_os_adapter.c.obj
[370/768] Building C object drivers/chips/ws63/CMakeFiles/chip_ws63.dir/arch/riscv/riscv31/oam_trace.c.obj
[371/768] Building C object drivers/chips/ws63/porting/adc/CMakeFiles/adc_port.dir/adc_porting.c.obj
[372/768] Building C object drivers/chips/ws63/porting/arch/CMakeFiles/pmp_cfg_ws63.dir/riscv/pmp_cfg.c.obj
[373/768] Building C object drivers/chips/ws63/porting/gpio/CMakeFiles/gpio_port.dir/gpio_porting.c.obj
[374/768] Building C object drivers/chips/ws63/porting/liteos/CMakeFiles/liteos_port.dir/riscv31/idle_config.c.obj
[375/768] Building C object drivers/chips/ws63/porting/liteos/CMakeFiles/liteos_port.dir/riscv31/tick_timer.c.obj
[376/768] Building C object drivers/chips/ws63/porting/pwm/CMakeFiles/pwm_port.dir/pwm_porting.c.obj
[377/768] Building C object drivers/chips/ws63/porting/uart/CMakeFiles/uart_port.dir/uart_porting.c.obj
[378/768] Building C object drivers/chips/ws63/porting/pmp/CMakeFiles/pmp_port.dir/pmp_porting.c.obj
[379/768] Building C object drivers/chips/ws63/porting/i2c/CMakeFiles/i2c_porting.dir/i2c_porting.c.obj
[380/768] Building C object drivers/chips/ws63/porting/dma/CMakeFiles/dma_port.dir/dma_porting.c.obj
[381/768] Building C object drivers/chips/ws63/porting/spi/CMakeFiles/spi_porting.dir/spi_porting.c.obj
[382/768] Building C object drivers/chips/ws63/porting/sfc/flash_config/CMakeFiles/sfc_flash_config_ws63.dir/flash_config_info.c.obj
[383/768] Building C object drivers/chips/ws63/porting/sfc/porting/CMakeFiles/sfc_port_ws63.dir/sfc_porting.c.obj
[384/768] Building C object drivers/chips/ws63/porting/sfc/porting/CMakeFiles/sfc_port_ws63.dir/sfc_protect.c.obj
[385/768] Building C object drivers/chips/ws63/porting/sfc/porting/CMakeFiles/sfc_port_ws63.dir/sfc_protect_gd25q32.c.obj
[386/768] Building C object drivers/chips/ws63/porting/tsensor/CMakeFiles/tsensor_port.dir/tsensor_porting.c.obj
[387/768] Building C object drivers/chips/ws63/porting/efuse/CMakeFiles/efuse_port.dir/efuse_porting.c.obj
[388/768] Building C object drivers/chips/ws63/porting/sio/CMakeFiles/sio_port.dir/sio_porting.c.obj
[389/768] Building C object drivers/chips/ws63/porting/reboot/CMakeFiles/reboot_port.dir/reboot_porting.c.obj
[390/768] Building C object drivers/chips/ws63/porting/soc/CMakeFiles/soc_port.dir/soc_porting.c.obj
[391/768] Building C object drivers/chips/ws63/porting/version/CMakeFiles/version_port.dir/version_porting.c.obj
[392/768] Building C object drivers/chips/ws63/porting/pm/CMakeFiles/pm_port_ws63.dir/pm_porting.c.obj
[393/768] Building C object drivers/chips/ws63/porting/xo_trim/CMakeFiles/xo_trim_port.dir/xo_trim_porting.c.obj
[394/768] Building C object drivers/chips/ws63/dyn_mem/CMakeFiles/dyn_mem.dir/dyn_mem.c.obj
[395/768] Building ASM object middleware/chips/ws63/exception/CMakeFiles/dfx_exception.dir/exception_riscv.s.obj
[396/768] Building C object middleware/chips/ws63/exception/CMakeFiles/dfx_exception.dir/exception_riscv.c.obj
[397/768] Building C object middleware/chips/ws63/dfx/CMakeFiles/dfx_port_ws63.dir/dfx_channel.c.obj
[398/768] Building C object middleware/chips/ws63/dfx/CMakeFiles/dfx_port_ws63.dir/dfx_system_init.c.obj
[399/768] Building C object middleware/chips/ws63/dfx/CMakeFiles/dfx_port_ws63.dir/diag_adapt_cmd_mem.c.obj
[400/768] Building C object middleware/chips/ws63/dfx/CMakeFiles/dfx_port_ws63.dir/last_dump_adapt.c.obj
[401/768] Building C object middleware/chips/ws63/dfx/CMakeFiles/dfx_port_ws63.dir/sample_data_adapt.c.obj
[402/768] Building C object middleware/chips/ws63/dfx/CMakeFiles/dfx_port_ws63.dir/diag_adapt_sdt.c.obj
[403/768] Building C object middleware/chips/ws63/dfx/CMakeFiles/dfx_port_ws63.dir/diag_adapt_psd.c.obj
[404/768] Building C object middleware/chips/ws63/dfx/CMakeFiles/dfx_port_ws63.dir/diag_sample_data.c.obj
[405/768] Building C object middleware/chips/ws63/partition/CMakeFiles/partition_ws63.dir/partition_porting.c.obj
[406/768] Building C object middleware/chips/ws63/nv/nv_porting/CMakeFiles/nv_ws63.dir/nv_flash.c.obj
[407/768] Building C object middleware/chips/ws63/nv/nv_zdiag/CMakeFiles/nv_zdiag_ws63.dir/nv_adapt_zdiag.c.obj
[408/768] Building C object middleware/chips/ws63/update/common/CMakeFiles/update_common_ws63.dir/upg_common_porting.c.obj
[409/768] Building C object middleware/chips/ws63/update/storage/CMakeFiles/update_storage_ws63.dir/upg_backup.c.obj
[410/768] Building C object middleware/chips/ws63/update/ab_upg/CMakeFiles/update_ab_ws63.dir/upg_ab.c.obj
[411/768] Building C object middleware/chips/ws63/mac_addr/CMakeFiles/mac_addr_ws63.dir/mac_addr.c.obj
[412/768] Building C object middleware/chips/ws63/factory/CMakeFiles/factory_ws63.dir/factory.c.obj
[413/768] Building C object middleware/chips/ws63/littlefs/CMakeFiles/littlefs_adapt_ws63.dir/littlefs_adapt.c.obj
[414/768] Building C object services/wifi_service/service/CMakeFiles/wifi_service.dir/soc_wifi_service_api.c.obj
[415/768] Building C object utils/algorithm/CMakeFiles/algorithm.dir/crc/uapi_crc16.c.obj


[416/768] Building C object utils/algorithm/CMakeFiles/algorithm.dir/crc/uapi_crc32.c.obj
[417/768] Building C object utils/algorithm/CMakeFiles/algorithm.dir/sha256/sha256.c.obj
[418/768] Building C object utils/algorithm/CMakeFiles/algorithm.dir/sec_random/sec_random.c.obj
[419/768] Building C object utils/algorithm/CMakeFiles/algorithm.dir/cstl/cstl_hash.c.obj
[420/768] Building C object utils/algorithm/CMakeFiles/algorithm.dir/cstl/cstl_rawlist.c.obj
[421/768] Building C object utils/algorithm/CMakeFiles/algorithm.dir/cstl/cstl_public.c.obj
[422/768] Building C object utils/app_init/CMakeFiles/app_init.dir/app_init.c.obj
[423/768] Building C object utils/at/at/CMakeFiles/at.dir/src/at_cmd.c.obj
[424/768] Building C object utils/at/at/CMakeFiles/at.dir/src/at_msg.c.obj
[425/768] Building C object utils/at/at/CMakeFiles/at.dir/src/at_parse.c.obj
[426/768] Building C object utils/at/at/CMakeFiles/at.dir/src/at_channel.c.obj
[427/768] Building C object utils/at/at/CMakeFiles/at.dir/src/at_process.c.obj
[428/768] Building C object utils/at/at/CMakeFiles/at.dir/src/at_report.c.obj
[429/768] Building C object utils/at/at/CMakeFiles/at.dir/src/at_base.c.obj
[430/768] Building C object utils/at/at/CMakeFiles/at.dir/src/at_notify.c.obj
[431/768] Building C object utils/at/at/CMakeFiles/at.dir/src/at_zdiag.c.obj
[432/768] Building C object utils/at/at_wifi_cmd/CMakeFiles/wifi_at.dir/at/at_ccpriv.c.obj
[433/768] Building C object utils/at/at_wifi_cmd/CMakeFiles/wifi_at.dir/at/at_mfg.c.obj
[434/768] Building C object utils/at/at_wifi_cmd/CMakeFiles/wifi_at.dir/at/at_register.c.obj
[435/768] Building C object utils/at/at_wifi_cmd/CMakeFiles/wifi_at.dir/at/at_wifi.c.obj
[436/768] Building C object utils/at/at_wifi_cmd/CMakeFiles/wifi_at.dir/at/at_utils.c.obj
[437/768] Building C object utils/at/at_wifi_cmd/CMakeFiles/wifi_at.dir/src/at_cmd_register.c.obj
[438/768] Building C object utils/at/at_wifi_cmd/CMakeFiles/wifi_at.dir/at/at_sendtest.c.obj
[439/768] Building C object utils/at/at_plt_cmd/CMakeFiles/plt_at.dir/at/at_plt.c.obj
[440/768] Building C object utils/at/at_plt_cmd/CMakeFiles/plt_at.dir/src/at_plt_cmd_register.c.obj
[441/768] Building C object utils/dfx/CMakeFiles/dfx_diag.dir/zdiag/romable/diag_oam_log.c.obj
[442/768] Building C object utils/dfx/CMakeFiles/dfx_diag.dir/zdiag/romable/diag_rom_api.c.obj
[443/768] Building C object utils/dfx/CMakeFiles/dfx_diag.dir/zdiag/zdiag_channel.c.obj
[444/768] Building C object utils/dfx/CMakeFiles/dfx_diag.dir/zdiag/zdiag_cmd_dst.c.obj
[445/768] Building C object utils/dfx/CMakeFiles/dfx_diag.dir/zdiag/zdiag_cmd_src.c.obj
[446/768] Building C object utils/dfx/CMakeFiles/dfx_diag.dir/zdiag/zdiag_debug.c.obj
[447/768] Building C object utils/dfx/CMakeFiles/dfx_diag.dir/zdiag/zdiag_dfx.c.obj
[448/768] Building C object utils/dfx/CMakeFiles/dfx_diag.dir/zdiag/zdiag_filter.c.obj
[449/768] Building C object utils/dfx/CMakeFiles/dfx_diag.dir/zdiag/zdiag_ind_dst.c.obj
[450/768] Building C object utils/dfx/CMakeFiles/dfx_diag.dir/zdiag/zdiag_ind_src.c.obj
[451/768] Building C object utils/dfx/CMakeFiles/dfx_diag.dir/zdiag/zdiag_mem.c.obj
[452/768] Building C object utils/dfx/CMakeFiles/dfx_diag.dir/zdiag/zdiag_msg.c.obj
[453/768] Building C object utils/dfx/CMakeFiles/dfx_diag.dir/zdiag/zdiag_pkt.c.obj
[454/768] Building C object utils/dfx/CMakeFiles/dfx_diag.dir/zdiag/zdiag_pkt_router.c.obj
[455/768] Building C object utils/dfx/CMakeFiles/dfx_diag.dir/zdiag/zdiag_rx_api.c.obj
[456/768] Building C object utils/dfx/CMakeFiles/dfx_diag.dir/zdiag/zdiag_stat.c.obj
[457/768] Building C object utils/dfx/CMakeFiles/dfx_diag.dir/zdiag/zdiag_tx.c.obj
[458/768] Building C object utils/dfx/CMakeFiles/dfx_diag.dir/zdiag/diag_system_cmd/diag_cmd_beat_heart.c.obj
[459/768] Building C object utils/dfx/CMakeFiles/dfx_diag.dir/zdiag/diag_system_cmd/diag_cmd_connect.c.obj
[460/768] Building C object utils/dfx/CMakeFiles/dfx_diag.dir/zdiag/diag_system_cmd/diag_cmd_filter.c.obj
[461/768] Building C object utils/dfx/CMakeFiles/dfx_diag.dir/zdiag/diag_system_cmd/diag_cmd_get_mem_info.c.obj
[462/768] Building C object utils/dfx/CMakeFiles/dfx_diag.dir/zdiag/diag_system_cmd/diag_cmd_get_task_info.c.obj
[463/768] Building C object utils/dfx/CMakeFiles/dfx_diag.dir/zdiag/diag_system_cmd/diag_cmd_get_res_info.c.obj
[464/768] Building C object utils/dfx/CMakeFiles/dfx_diag.dir/zdiag/diag_system_cmd/diag_cmd_get_init_info.c.obj
[465/768] Building C object utils/dfx/CMakeFiles/dfx_diag.dir/zdiag/diag_system_cmd/diag_cmd_get_cpup.c.obj
[466/768] Building C object utils/dfx/CMakeFiles/dfx_diag.dir/zdiag/diag_system_cmd/diag_cmd_log_level.c.obj
[467/768] Building C object utils/dfx/CMakeFiles/dfx_diag.dir/zdiag/diag_system_cmd/diag_cmd_mem_read_write.c.obj
[468/768] Building C object utils/dfx/CMakeFiles/dfx_diag.dir/zdiag/diag_system_cmd/diag_cmd_offline_log.c.obj
[469/768] Building C object utils/dfx/CMakeFiles/dfx_diag.dir/zdiag/diag_system_cmd/diag_cmd_password.c.obj
[470/768] Building C object utils/dfx/CMakeFiles/dfx_diag.dir/zdiag/diag_system_cmd/diag_cmd_trace_info.c.obj
[471/768] Building C object utils/dfx/CMakeFiles/dfx_diag.dir/zdiag/diag_system_cmd/diag_cmd_stat.c.obj
[472/768] Building C object utils/dfx/CMakeFiles/dfx_diag.dir/zdiag/diag_system_cmd/diag_mocked_shell.c.obj
[473/768] Building C object utils/dfx/CMakeFiles/dfx_diag.dir/zdiag/diag_system_cmd/last_dump.c.obj
[474/768] Building C object utils/dfx/CMakeFiles/dfx_diag.dir/zdiag/diag_system_cmd/diag_bt_sample_data.c.obj
[475/768] Building C object utils/dfx/CMakeFiles/dfx_diag.dir/dfx_os/liteos_v1/dfx_mem.c.obj
[476/768] Building C object utils/dfx/CMakeFiles/dfx_diag.dir/dfx_os/liteos_v1/dfx_task.c.obj
[477/768] Building C object utils/dfx/CMakeFiles/dfx_diag.dir/dfx_os/liteos_v1/dfx_res.c.obj
[478/768] Building C object utils/dfx/CMakeFiles/dfx_diag.dir/dfx_os/liteos_v1/dfx_cpup.c.obj
[479/768] Building C object utils/dfx/CMakeFiles/dfx_diag.dir/dfx_os/liteos_v1/dfx_trace.c.obj
[480/768] Building C object utils/dfx/CMakeFiles/dfx_panic.dir/panic/private/panic.c.obj
[481/768] Building C object utils/dfx/CMakeFiles/dfx_panic.dir/panic/private/panic_rom.c.obj
[482/768] Building C object utils/dfx/CMakeFiles/soc_log.dir/soc_log/soc_log.c.obj
[483/768] Building C object utils/dfx/CMakeFiles/soc_log.dir/soc_log/soc_log_uart_instance.c.obj
[484/768] Building C object utils/dfx/CMakeFiles/log_file.dir/log_file/log_file.c.obj
[485/768] Building C object utils/dfx/CMakeFiles/log_file.dir/log_file/log_file_file.c.obj
[486/768] Building C object utils/dfx/CMakeFiles/log_file.dir/log_file/log_file_flash.c.obj
[487/768] Building C object utils/dfx/CMakeFiles/dfx_preserve.dir/preserve/private/preserve.c.obj
[488/768] Building C object utils/dfx/CMakeFiles/dfx_preserve.dir/preserve/private/crash_data.c.obj
[489/768] Building C object utils/dfx/CMakeFiles/dfx_log.dir/log/log.c.obj
[490/768] Building C object utils/dfx/CMakeFiles/dfx_log.dir/log/log_oam_logger.c.obj
[491/768] Building C object utils/dfx/CMakeFiles/dfx_log.dir/log/log_oam_mem_query.c.obj
[492/768] Building C object utils/dfx/CMakeFiles/dfx_log.dir/log/log_oam_ota.c.obj
[493/768] Building C object utils/dfx/CMakeFiles/dfx_log.dir/log/log_oam_pcm.c.obj
[494/768] Building C object utils/dfx/CMakeFiles/dfx_log.dir/log/log_oam_reg_query.c.obj
[495/768] Building C object utils/dfx/CMakeFiles/dfx_log.dir/log/log_oam_status.c.obj
[496/768] Building C object utils/dfx/CMakeFiles/dfx_log.dir/log/log_oam_dscr_cb.c.obj
[497/768] Building C object utils/dfx/CMakeFiles/dfx_log.dir/log/log_oml_exception.c.obj
[498/768] Building C object utils/dfx/CMakeFiles/dfx_log.dir/log/log_oml_ota_rom.c.obj
[499/768] Building C object utils/dfx/CMakeFiles/dfx_log.dir/log/log_printf.c.obj
[500/768] Building C object utils/dfx/CMakeFiles/dfx_log.dir/log/log_printf_rom.c.obj
[501/768] Building C object utils/dfx/CMakeFiles/dfx_log.dir/log/log_reg_dump.c.obj
[502/768] Building C object utils/dfx/CMakeFiles/dfx_log.dir/log/log_trigger.c.obj
[503/768] Building C object utils/dfx/CMakeFiles/dfx_log.dir/log/log_oam_msg.c.obj
[504/768] Building C object utils/dfx/CMakeFiles/dfx_log.dir/log_buffer/log_buffer.c.obj
[505/768] Building C object utils/dfx/CMakeFiles/dfx_log.dir/log_buffer/log_buffer_reader.c.obj
[506/768] Building C object utils/dfx/CMakeFiles/dfx_log.dir/log_buffer/log_memory_region.c.obj
[507/768] Building C object utils/dfx/CMakeFiles/dfx_log.dir/log_buffer/log_memory_section.c.obj
[508/768] Building C object utils/dfx/CMakeFiles/dfx_log_reader.dir/log_reader/log_uart.c.obj
[509/768] Building C object utils/dfx/CMakeFiles/dfx_printer.dir/dfx_print/dfx_print.c.obj
[510/768] Building C object utils/dfx/dfx_reboot/cpu_utils/CMakeFiles/cpu_utils.dir/private/cpu_utils.c.obj
[511/768] Building C object utils/dfx/dfx_reboot/reboot/CMakeFiles/reboot.dir/shared/non_os_reboot.c.obj
[512/768] Building C object utils/dfx/diag_dfx_cmd/CMakeFiles/diag_dfx_cmd.dir/diag_dfx_cmd_init.c.obj
[513/768] Building C object utils/nv/CMakeFiles/nv.dir/nv_storage_app/soc_nv_storage_handle.c.obj
[514/768] Building C object utils/nv/CMakeFiles/nv.dir/nv_storage_app/soc_nv_storage.c.obj
[515/768] Building C object utils/nv/CMakeFiles/nv.dir/nv_storage_lib/nv_key.c.obj
[516/768] Building C object utils/nv/CMakeFiles/nv.dir/nv_storage_lib/nv_notify.c.obj
[517/768] Building C object utils/nv/CMakeFiles/nv.dir/nv_storage_lib/nv_nvregion.c.obj
[518/768] Building C object utils/nv/CMakeFiles/nv.dir/nv_storage_lib/nv_page.c.obj
[519/768] Building C object utils/nv/CMakeFiles/nv.dir/nv_storage_lib/nv_reset.c.obj
[520/768] Building C object utils/nv/CMakeFiles/nv.dir/nv_storage_lib/nv_rpc.c.obj
[521/768] Building C object utils/nv/CMakeFiles/nv.dir/nv_storage_lib/nv_store.c.obj
[522/768] Building C object utils/nv/CMakeFiles/nv.dir/nv_storage_lib/nv_update.c.obj
[523/768] Building C object utils/nv/CMakeFiles/nv.dir/nv_storage_lib/nv_upg.c.obj
[524/768] Building C object utils/nv/CMakeFiles/nv.dir/nv_storage_lib/nv_debug.c.obj
[525/768] Building C object utils/nv/CMakeFiles/nv.dir/nv_storage_lib/nv_async_store.c.obj
[526/768] Building C object utils/partition/CMakeFiles/partition.dir/partition.c.obj
[527/768] Building C object utils/update/common/CMakeFiles/update_common.dir/upg_alloc.c.obj
[528/768] Building C object utils/update/common/CMakeFiles/update_common.dir/upg_common.c.obj
[529/768] Building C object utils/update/common/CMakeFiles/update_common.dir/upg_verify.c.obj
[530/768] Building C object utils/update/storage/CMakeFiles/update_storage.dir/upg_storage.c.obj
[531/768] Building C object utils/mips/CMakeFiles/mips.dir/private/mips.c.obj
[532/768] Building C object open_source/cjson/CMakeFiles/cjson.dir/cjson/cJSON.c.obj
[533/768] Building C object open_source/cjson/CMakeFiles/cjson.dir/cjson/cJSON_Utils.c.obj
[534/768] Building C object open_source/mqtt/CMakeFiles/mqtt.dir/paho.mqtt.c/src/Base64.c.obj
[535/768] Building C object open_source/mqtt/CMakeFiles/mqtt.dir/paho.mqtt.c/src/Clients.c.obj
[536/768] Building C object open_source/mqtt/CMakeFiles/mqtt.dir/paho.mqtt.c/src/Heap.c.obj
[537/768] Building C object open_source/mqtt/CMakeFiles/mqtt.dir/paho.mqtt.c/src/LinkedList.c.obj
[538/768] Building C object open_source/mqtt/CMakeFiles/mqtt.dir/paho.mqtt.c/src/Log.c.obj
[539/768] Building C object open_source/mqtt/CMakeFiles/mqtt.dir/paho.mqtt.c/src/Messages.c.obj
[540/768] Building C object open_source/mqtt/CMakeFiles/mqtt.dir/paho.mqtt.c/src/MQTTClient.c.obj
[541/768] Building C object open_source/mqtt/CMakeFiles/mqtt.dir/paho.mqtt.c/src/MQTTPacket.c.obj
[542/768] Building C object open_source/mqtt/CMakeFiles/mqtt.dir/paho.mqtt.c/src/MQTTPacketOut.c.obj
[543/768] Building C object open_source/mqtt/CMakeFiles/mqtt.dir/paho.mqtt.c/src/MQTTPersistence.c.obj
[544/768] Building C object open_source/mqtt/CMakeFiles/mqtt.dir/paho.mqtt.c/src/MQTTPersistenceDefault.c.obj
[545/768] Building C object open_source/mqtt/CMakeFiles/mqtt.dir/paho.mqtt.c/src/MQTTProperties.c.obj
[546/768] Building C object open_source/mqtt/CMakeFiles/mqtt.dir/paho.mqtt.c/src/MQTTProtocolClient.c.obj
[547/768] Building C object open_source/mqtt/CMakeFiles/mqtt.dir/paho.mqtt.c/src/MQTTProtocolOut.c.obj
[548/768] Building C object open_source/mqtt/CMakeFiles/mqtt.dir/paho.mqtt.c/src/MQTTReasonCodes.c.obj
[549/768] Building C object open_source/mqtt/CMakeFiles/mqtt.dir/paho.mqtt.c/src/OsWrapper.c.obj
[550/768] Building C object open_source/mqtt/CMakeFiles/mqtt.dir/paho.mqtt.c/src/Proxy.c.obj
[551/768] Building C object open_source/mqtt/CMakeFiles/mqtt.dir/paho.mqtt.c/src/SHA1.c.obj
[552/768] Building C object open_source/mqtt/CMakeFiles/mqtt.dir/paho.mqtt.c/src/Socket.c.obj
[553/768] Building C object open_source/mqtt/CMakeFiles/mqtt.dir/paho.mqtt.c/src/SocketBuffer.c.obj


[554/768] Building C object open_source/mqtt/CMakeFiles/mqtt.dir/paho.mqtt.c/src/SSLSocket.c.obj
[555/768] Building C object open_source/mqtt/CMakeFiles/mqtt.dir/paho.mqtt.c/src/SSLSocket_mbedtls.c.obj
[556/768] Building C object open_source/mqtt/CMakeFiles/mqtt.dir/paho.mqtt.c/src/StackTrace.c.obj
[557/768] Building C object open_source/mqtt/CMakeFiles/mqtt.dir/paho.mqtt.c/src/Thread.c.obj
[558/768] Building C object open_source/mqtt/CMakeFiles/mqtt.dir/paho.mqtt.c/src/Tree.c.obj
[559/768] Building C object open_source/mqtt/CMakeFiles/mqtt.dir/paho.mqtt.c/src/utf-8.c.obj
[560/768] Building C object open_source/mqtt/CMakeFiles/mqtt.dir/paho.mqtt.c/src/WebSocket.c.obj
[561/768] Building C object open_source/mqtt/CMakeFiles/mqtt.dir/paho.mqtt.c/src/MQTTTime.c.obj
[562/768] Building C object open_source/lwip/CMakeFiles/lwip.dir/lwip_v2.1.3/src/core/tcp_out.c.obj
[563/768] Building C object open_source/lwip/CMakeFiles/lwip.dir/lwip_v2.1.3/src/core/ipv4/autoip.c.obj
[564/768] Building C object open_source/lwip/CMakeFiles/lwip.dir/lwip_v2.1.3/src/core/ipv4/dhcps.c.obj
[565/768] Building C object open_source/lwip/CMakeFiles/lwip.dir/lwip_v2.1.3/src/core/ipv4/igmp.c.obj
[566/768] Building C object open_source/lwip/CMakeFiles/lwip.dir/lwip_v2.1.3/src/core/ipv4/icmp.c.obj
[567/768] Building C object open_source/lwip/CMakeFiles/lwip.dir/lwip_v2.1.3/src/core/ipv4/dhcp.c.obj
[568/768] Building C object open_source/lwip/CMakeFiles/lwip.dir/lwip_v2.1.3/src/core/lowpower.c.obj
[569/768] Building C object open_source/lwip/CMakeFiles/lwip.dir/lwip_v2.1.3/src/core/timeouts.c.obj
[570/768] Building C object open_source/lwip/CMakeFiles/lwip.dir/lwip_v2.1.3/src/core/ip6in4.c.obj
[571/768] Building C object open_source/lwip/CMakeFiles/lwip.dir/lwip_v2.1.3/src/core/debug.c.obj
[572/768] Building C object open_source/lwip/CMakeFiles/lwip.dir/lwip_v2.1.3/src/core/mdns.c.obj
[573/768] Building C object open_source/lwip/CMakeFiles/lwip.dir/lwip_v2.1.3/src/core/tcp_sack.c.obj
[574/768] Building C object open_source/lwip/CMakeFiles/lwip.dir/lwip_v2.1.3/src/core/tcp_in.c.obj
[575/768] Building C object open_source/lwip/CMakeFiles/lwip.dir/lwip_v2.1.3/src/core/altcp.c.obj
[576/768] Building C object open_source/lwip/CMakeFiles/lwip.dir/lwip_v2.1.3/src/core/tftpc.c.obj
[577/768] Building C object open_source/lwip/CMakeFiles/lwip.dir/lwip_v2.1.3/src/core/filter.c.obj
[578/768] Building C object open_source/lwip/CMakeFiles/lwip.dir/lwip_v2.1.3/src/core/sntp.c.obj
[579/768] Building C object open_source/lwip/CMakeFiles/lwip.dir/lwip_v2.1.3/src/core/altcp_tcp.c.obj
[580/768] Building C object open_source/lwip/CMakeFiles/lwip.dir/lwip_v2.1.3/src/core/def.c.obj
[581/768] Building C object open_source/lwip/CMakeFiles/lwip.dir/lwip_v2.1.3/src/core/dns.c.obj
[582/768] Building C object open_source/lwip/CMakeFiles/lwip.dir/lwip_v2.1.3/src/core/stats.c.obj
[583/768] Building C object open_source/lwip/CMakeFiles/lwip.dir/lwip_v2.1.3/src/core/ipv6/inet6.c.obj
[584/768] Building C object open_source/lwip/CMakeFiles/lwip.dir/lwip_v2.1.3/src/core/ipv6/mld6.c.obj
[585/768] Building C object open_source/lwip/CMakeFiles/lwip.dir/lwip_v2.1.3/src/core/ipv6/icmp6.c.obj
[586/768] Building C object open_source/lwip/CMakeFiles/lwip.dir/lwip_v2.1.3/src/core/ipv6/dhcp6.c.obj
[587/768] Building C object open_source/lwip/CMakeFiles/lwip.dir/lwip_v2.1.3/src/core/ipv6/ip6_frag.c.obj
[588/768] Building C object open_source/lwip/CMakeFiles/lwip.dir/lwip_v2.1.3/src/core/ipv6/ip6_addr.c.obj
[589/768] Building C object open_source/lwip/CMakeFiles/lwip.dir/lwip_v2.1.3/src/core/ipv6/ethip6.c.obj
[590/768] Building C object open_source/lwip/CMakeFiles/lwip.dir/lwip_v2.1.3/src/core/ipv6/nd6.c.obj
[591/768] Building C object open_source/lwip/CMakeFiles/lwip.dir/lwip_v2.1.3/src/core/ipv6/ip6.c.obj
[592/768] Building C object open_source/lwip/CMakeFiles/lwip.dir/lwip_v2.1.3/src/core/init.c.obj
[593/768] Building C object open_source/lwip/CMakeFiles/lwip.dir/lwip_v2.1.3/src/core/sys.c.obj
[594/768] Building C object open_source/lwip/CMakeFiles/lwip.dir/lwip_v2.1.3/src/core/nat64/nat64_addr.c.obj
[595/768] Building C object open_source/lwip/CMakeFiles/lwip.dir/lwip_v2.1.3/src/core/nat64/nat64_dns64.c.obj
[596/768] Building C object open_source/lwip/CMakeFiles/lwip.dir/lwip_v2.1.3/src/core/nat64/nat64_v4_dhcpc.c.obj
[597/768] Building C object open_source/lwip/CMakeFiles/lwip.dir/lwip_v2.1.3/src/core/nat64/nat64.c.obj
[598/768] Building C object open_source/lwip/CMakeFiles/lwip.dir/lwip_v2.1.3/src/core/altcp_alloc.c.obj
[599/768] Building C object open_source/lwip/CMakeFiles/lwip.dir/lwip_v2.1.3/src/netif/ifaddrs.c.obj
[600/768] Building C object open_source/lwip/CMakeFiles/lwip.dir/lwip_v2.1.3/src/netif/lowpan6_common.c.obj
[601/768] Building C object open_source/lwip/CMakeFiles/lwip.dir/lwip_v2.1.3/src/netif/lowpan6.c.obj
[602/768] Building C object open_source/lwip/CMakeFiles/lwip.dir/lwip_v2.1.3/src/api/if_api.c.obj
[603/768] Building C object open_source/lwip/CMakeFiles/lwip.dir/lwip_v2.1.3/src/api/netifapi.c.obj
[604/768] Building C object open_source/lwip/CMakeFiles/lwip.dir/lwip_v2.1.3/src/api/l3event.c.obj
[605/768] Building C object open_source/lwip/CMakeFiles/lwip.dir/lwip_v2.1.3/src/api/err.c.obj
[606/768] Building C object open_source/lwip/CMakeFiles/lwip.dir/lwip_v2.1.3/src/api/nat64_api.c.obj
[607/768] Building C object open_source/lwip/CMakeFiles/lwip.dir/lwip_v2.1.3/src/api/ethtool.c.obj
[608/768] Building C object open_source/lwip/CMakeFiles/lwip.dir/lwip_v2.1.3/src/api/netdb.c.obj
[609/768] Building C object open_source/lwip/CMakeFiles/lwip.dir/lwip_v2.1.3/src/api/nettool/ping.c.obj
[610/768] Building C object open_source/lwip/CMakeFiles/lwip.dir/lwip_v2.1.3/src/api/nettool/misc.c.obj
[611/768] Building C object open_source/lwip/CMakeFiles/lwip.dir/lwip_v2.1.3/src/api/nettool/ifconfig.c.obj
[612/768] Building C object open_source/lwip/CMakeFiles/lwip.dir/lwip_v2.1.3/src/api/nettool/utility.c.obj
[613/768] Building C object open_source/lwip/CMakeFiles/lwip.dir/lwip_v2.1.3/src/api/nettool/netstat.c.obj
[614/768] Building C object open_source/lwip/CMakeFiles/lwip_tcm.dir/lwip_v2.1.3/src/api/sockets.c.obj
[615/768] Building C object open_source/lwip/CMakeFiles/lwip_tcm.dir/lwip_v2.1.3/src/core/inet_chksum.c.obj
[616/768] Building C object open_source/lwip/CMakeFiles/lwip_tcm.dir/lwip_v2.1.3/src/core/ip.c.obj
[617/768] Building C object open_source/lwip/CMakeFiles/lwip_tcm.dir/lwip_v2.1.3/src/core/udp.c.obj
[618/768] Building C object open_source/lwip/CMakeFiles/lwip_tcm.dir/lwip_v2.1.3/src/core/ipv4/etharp.c.obj
[619/768] Building C object open_source/lwip/CMakeFiles/lwip_tcm.dir/lwip_v2.1.3/src/core/ipv4/ip4.c.obj
[620/768] Building C object open_source/lwip/CMakeFiles/lwip_tcm.dir/lwip_v2.1.3/src/core/ipv4/ip4_addr.c.obj
[621/768] Building C object open_source/lwip/CMakeFiles/lwip_tcm.dir/lwip_v2.1.3/src/core/ipv4/ip4_frag.c.obj
[622/768] Building C object open_source/lwip/CMakeFiles/lwip_tcm.dir/lwip_v2.1.3/src/core/ip_addr.c.obj
[623/768] Building C object open_source/lwip/CMakeFiles/lwip_tcm.dir/lwip_v2.1.3/src/core/pbuf.c.obj
[624/768] Building C object open_source/lwip/CMakeFiles/lwip_tcm.dir/lwip_v2.1.3/src/core/mem.c.obj
[625/768] Building C object open_source/lwip/CMakeFiles/lwip_tcm.dir/lwip_v2.1.3/src/core/memp.c.obj
[626/768] Building C object open_source/lwip/CMakeFiles/lwip_tcm.dir/lwip_v2.1.3/src/core/netif.c.obj
[627/768] Building C object open_source/lwip/CMakeFiles/lwip_tcm.dir/lwip_v2.1.3/src/core/tcp.c.obj
[628/768] Building C object open_source/lwip/CMakeFiles/lwip_tcm.dir/lwip_v2.1.3/src/core/raw.c.obj
[629/768] Building C object open_source/lwip/CMakeFiles/lwip_tcm.dir/lwip_v2.1.3/src/netif/ethernet.c.obj
[630/768] Building C object open_source/lwip/CMakeFiles/lwip_tcm.dir/lwip_v2.1.3/src/netif/driverif.c.obj
[631/768] Building C object open_source/lwip/CMakeFiles/lwip_tcm.dir/lwip_v2.1.3/src/api/netbuf.c.obj
[632/768] Building C object open_source/lwip/CMakeFiles/lwip_tcm.dir/lwip_v2.1.3/src/api/tcpip.c.obj


[633/768] Building C object open_source/lwip/CMakeFiles/lwip_tcm.dir/lwip_v2.1.3/src/api/api_msg.c.obj
[634/768] Building C object open_source/lwip/CMakeFiles/lwip_tcm.dir/lwip_v2.1.3/src/api/api_lib.c.obj
[635/768] Building C object open_source/lwip/CMakeFiles/lwip_tcm.dir/lwip_adapter/liteos_207/src/arch/sys_arch.c.obj
[636/768] Building C object protocol/wifi/CMakeFiles/wifi_csa.dir/source/host/feature/hmac_csa_ap.c.obj
[637/768] Building C object protocol/wifi/CMakeFiles/wifi_csa.dir/source/host/feature/hmac_csa_sta.c.obj
[638/768] Building C object protocol/wifi/CMakeFiles/wifi_auto_adjust_freq.dir/source/host/feature/hmac_auto_adjust_freq.c.obj
[639/768] Building C object protocol/wifi/CMakeFiles/wifi_frag.dir/source/host/feature/hmac_frag.c.obj
[640/768] Building C object protocol/wifi/CMakeFiles/wifi_radar_sensor.dir/source/host/feature/hmac_radar_sensor.c.obj
[641/768] Building C object protocol/wifi/CMakeFiles/wifi_tx_amsdu.dir/source/host/feature/hmac_tx_amsdu.c.obj
[642/768] Building C object protocol/wifi/CMakeFiles/wifi_btcoex.dir/source/host/feature/hmac_btcoex.c.obj
[643/768] Building C object protocol/wifi/CMakeFiles/wifi_btcoex.dir/source/host/feature/hmac_btcoex_ba.c.obj
[644/768] Building C object protocol/wifi/CMakeFiles/wifi_btcoex.dir/source/host/feature/hmac_btcoex_btsta.c.obj
[645/768] Building C object protocol/wifi/CMakeFiles/wifi_btcoex.dir/source/host/feature/hmac_btcoex_m2s.c.obj
[646/768] Building C object protocol/wifi/CMakeFiles/wifi_btcoex.dir/source/host/feature/hmac_btcoex_notify.c.obj
[647/768] Building C object protocol/wifi/CMakeFiles/wifi_btcoex.dir/source/host/feature/hmac_btcoex_ps.c.obj
[648/768] Building C object protocol/wifi/CMakeFiles/wifi_uapsd_ap.dir/source/host/feature/hmac_uapsd.c.obj
[649/768] Linking C static library libgmssl_hmac_sm3.a
[650/768] Building C object CMakeFiles/ws63-liteos-app.dir/temp/__null___.c.obj
[651/768] Linking C static library liblittle_fs.a
[652/768] Linking C static library libcoap.a
[653/768] Linking C static library application\samples\libsamples.a
[654/768] Linking C static library application\ws63\ws63_liteos_application\libws63_liteos_app.a
[655/768] Linking C static library kernel\non_os\non_os\libnon_os.a
[656/768] Linking C static library kernel\osal\libosal.a
[657/768] Linking C static library kernel\osal_adapt\libosal_adapt.a
[658/768] Linking C static library driver\adc\libadc.a
[659/768] Linking C static library driver\dma\libdma.a
[660/768] Linking C static library driver\gpio\libgpio.a
[661/768] Linking C static library driver\i2c\libi2c.a
[662/768] Linking C static library driver\i2s\libi2s.a
[663/768] Linking C static library driver\lpm\liblpm.a
[664/768] Linking C static library driver\pmp\libpmp.a
[665/768] Linking C static library driver\pwm\libpwm.a
[666/768] Linking C static library driver\security_unified\libdrv_security_unified.a
[667/768] Linking C static library driver\spi\libspi.a
[668/768] Linking C static library driver\tsensor\libtsensor.a
[669/768] Linking C static library driver\uart\libuart.a
[670/768] Linking C static library driver\efuse\libefuse.a
[671/768] Linking C static library hal\adc\libhal_adc.a
[672/768] Linking C static library hal\cpu_core\libhal_cpu_core.a
[673/768] Linking C static library hal\dma\libhal_dma_v151.a
[674/768] Linking C static library libmbedtls.a
[675/768] Linking C static library hal\efuse\libhal_efuse_v151.a
[676/768] Linking C static library hal\gpio\libhal_gpio_v150.a
[677/768] Linking C static library hal\i2c\libhal_i2c.a
[678/768] Linking C static library hal\mips\libhal_mips.a
[679/768] Linking C static library hal\pmp\libhal_pmp.a
[680/768] Linking C static library hal\pwm\libhal_pwm.a
[681/768] Linking C static library hal\reboot\libhal_reboot.a
[682/768] Linking C static library hal\security_unified\libhal_security_unified.a
[683/768] Linking C static library hal\spi\libhal_spi.a
[684/768] Linking C static library ..\..\..\..\interim_binary\ws63\libs\wifi\ws63-liteos-app\libwpa_supplicant.a
[685/768] Linking C static library hal\uart\libhal_uart.a
[686/768] Linking C static library hal\tsensor\libhal_tsensor.a
[687/768] Linking C static library hal\sio\libhal_sio.a
[688/768] Linking C static library drivers\chips\ws63\libchip_ws63.a
[689/768] Linking C static library drivers\chips\ws63\porting\adc\libadc_port.a
[690/768] Linking C static library drivers\chips\ws63\porting\arch\libpmp_cfg_ws63.a
[691/768] Linking C static library drivers\chips\ws63\porting\gpio\libgpio_port.a
[692/768] Linking C static library drivers\chips\ws63\porting\liteos\libliteos_port.a
[693/768] Linking C static library drivers\chips\ws63\porting\pwm\libpwm_port.a
[694/768] Linking C static library drivers\chips\ws63\porting\uart\libuart_port.a
[695/768] Linking C static library drivers\chips\ws63\porting\pmp\libpmp_port.a
[696/768] Linking C static library drivers\chips\ws63\porting\i2c\libi2c_porting.a
[697/768] Linking C static library drivers\chips\ws63\porting\dma\libdma_port.a
[698/768] Linking C static library drivers\chips\ws63\porting\spi\libspi_porting.a
[699/768] Linking C static library drivers\chips\ws63\porting\sfc\flash_config\libsfc_flash_config_ws63.a
[700/768] Linking C static library drivers\chips\ws63\porting\sfc\porting\libsfc_port_ws63.a
[701/768] Linking C static library drivers\chips\ws63\porting\tsensor\libtsensor_port.a


[702/768] Linking C static library drivers\chips\ws63\porting\efuse\libefuse_port.a
[703/768] Linking C static library drivers\chips\ws63\porting\sio\libsio_port.a
[704/768] Linking C static library drivers\chips\ws63\porting\reboot\libreboot_port.a
[705/768] Linking C static library drivers\chips\ws63\porting\soc\libsoc_port.a
[706/768] Linking C static library drivers\chips\ws63\porting\version\libversion_port.a
[707/768] Linking C static library drivers\chips\ws63\porting\pm\libpm_port_ws63.a
[708/768] Linking C static library drivers\chips\ws63\porting\xo_trim\libxo_trim_port.a
[709/768] Linking C static library drivers\chips\ws63\dyn_mem\libdyn_mem.a
[710/768] Linking C static library middleware\chips\ws63\exception\libdfx_exception.a
[711/768] Linking C static library middleware\chips\ws63\dfx\libdfx_port_ws63.a
[712/768] Linking C static library middleware\chips\ws63\partition\libpartition_ws63.a
[713/768] Linking C static library middleware\chips\ws63\nv\nv_porting\libnv_ws63.a
[714/768] Linking C static library middleware\chips\ws63\nv\nv_zdiag\libnv_zdiag_ws63.a
[715/768] Linking C static library middleware\chips\ws63\update\common\libupdate_common_ws63.a
[716/768] Linking C static library middleware\chips\ws63\update\storage\libupdate_storage_ws63.a
[717/768] Linking C static library middleware\chips\ws63\update\ab_upg\libupdate_ab_ws63.a
[718/768] Linking C static library middleware\chips\ws63\mac_addr\libmac_addr_ws63.a
[719/768] Linking C static library middleware\chips\ws63\factory\libfactory_ws63.a
[720/768] Linking C static library middleware\chips\ws63\littlefs\liblittlefs_adapt_ws63.a
[721/768] Linking C static library ..\..\..\..\interim_binary\ws63\libs\wifi\ws63-liteos-app\libwifi_service.a
[722/768] Linking C static library utils\algorithm\libalgorithm.a
[723/768] Linking C static library utils\app_init\libapp_init.a
[724/768] Linking C static library utils\at\at\libat.a
[725/768] Linking C static library utils\at\at_wifi_cmd\libwifi_at.a
[726/768] Linking C static library utils\at\at_plt_cmd\libplt_at.a
[727/768] Linking C static library utils\dfx\libdfx_diag.a
[728/768] Linking C static library utils\dfx\libdfx_panic.a
[729/768] Linking C static library utils\dfx\libsoc_log.a
[730/768] Linking C static library utils\dfx\liblog_file.a
[731/768] Linking C static library utils\dfx\libdfx_preserve.a
[732/768] Linking C static library utils\dfx\libdfx_log.a
[733/768] Linking C static library utils\dfx\libdfx_log_reader.a
[734/768] Linking C static library utils\dfx\libdfx_printer.a
[735/768] Linking C static library utils\dfx\dfx_reboot\cpu_utils\libcpu_utils.a
[736/768] Linking C static library utils\dfx\dfx_reboot\reboot\libreboot.a
[737/768] Linking C static library utils\dfx\diag_dfx_cmd\libdiag_dfx_cmd.a
[738/768] Linking C static library utils\nv\libnv.a
[739/768] Linking C static library utils\partition\libpartition.a
[740/768] Linking C static library utils\update\common\libupdate_common.a
[741/768] Linking C static library utils\update\storage\libupdate_storage.a
[742/768] Linking C static library utils\mips\libmips.a
[743/768] Linking C static library ..\..\..\..\interim_binary\ws63\libs\wifi\ws63-liteos-app\libcjson.a
[744/768] Linking C static library ..\..\..\..\interim_binary\ws63\libs\wifi\ws63-liteos-app\libwifi_csa.a
[745/768] Linking C static library ..\..\..\..\interim_binary\ws63\libs\wifi\ws63-liteos-app\libwifi_auto_adjust_freq.a
[746/768] Linking C static library ..\..\..\..\interim_binary\ws63\libs\wifi\ws63-liteos-app\libwifi_frag.a
[747/768] Linking C static library open_source\mqtt\libmqtt.a
[748/768] Linking C static library ..\..\..\..\interim_binary\ws63\libs\wifi\ws63-liteos-app\liblwip_tcm.a
[749/768] Linking C static library ..\..\..\..\interim_binary\ws63\libs\wifi\ws63-liteos-app\libwifi_radar_sensor.a
[750/768] Linking C static library ..\..\..\..\interim_binary\ws63\libs\wifi\ws63-liteos-app\libwifi_tx_amsdu.a
[751/768] Linking C static library ..\..\..\..\interim_binary\ws63\libs\wifi\ws63-liteos-app\libwifi_uapsd_ap.a
[752/768] Linking C static library ..\..\..\..\interim_binary\ws63\libs\wifi\ws63-liteos-app\libwifi_btcoex.a
[753/768] Linking C static library ..\..\..\..\interim_binary\ws63\libs\wifi\ws63-liteos-app\liblwip.a
[754/768] Generating NV_SRC


[755/768] Linking C executable ws63-liteos-app.elf


Memory region         Used Size  Region Size  %age Used
             ROM:          0 GB       268 KB      0.00%
            ITCM:       13256 B        16 KB     80.91%
            DTCM:       14844 B        16 KB     90.60%
            SRAM:      182640 B     548608 B     33.29%
PRESERVE_SHARE_MEM:         252 B        256 B     98.44%
 PROGRAM_STARTUP:         476 B         1 KB     46.48%
         PROGRAM:     1275788 B    2357504 B     54.12%
[756/768] post_build:gen rom and ram bin file


[757/768] cmd.exe /C "cd /D C:\ws63src\output\ws63\acore\ws63-liteos-app && C:\ws63src\tools\bin\compiler\riscv\cc_riscv32_musl_105\cc_riscv32_musl_fp_win\bin\riscv32-linux-musl-nm.exe -S -n --format=sysv ws63-liteos-app.elf > ws63-liteos-app.nm"
[758/768] cmd.exe /C "cd /D C:\ws63src\output\ws63\acore\ws63-liteos-app && C:\ws63src\tools\bin\compiler\riscv\cc_riscv32_musl_105\cc_riscv32_musl_fp_win\bin\riscv32-linux-musl-objcopy.exe -O ihex ws63-liteos-app.elf ws63-liteos-app_std.hex"
[759/768] cmd.exe /C "cd /D C:\ws63src\output\ws63\acore\ws63-liteos-app && C:\Users\13716\AppData\Local\Programs\Python\Python311\python.exe C:/ws63src/build/script/utils/create_hex.py ws63-liteos-app_rom.bin ws63-liteos-app_rom.hex"


[760/768] update nv bin


build nv bin success!!
[761/768] cmd.exe /C "cd /D C:\ws63src\output\ws63\acore\ws63-liteos-app && C:\Users\13716\AppData\Local\Programs\Python\Python311\python.exe C:/ws63src/build/script/codesize_statistic.py ws63-liteos-app"


'size' �����ڲ����ⲿ���Ҳ���ǿ����еĳ���
���������ļ���
'size' �����ڲ����ⲿ���Ҳ���ǿ����еĳ���
���������ļ���
'size' �����ڲ����ⲿ���Ҳ���ǿ����еĳ���
���������ļ���
'size' �����ڲ����ⲿ���Ҳ���ǿ����еĳ���
���������ļ���
codesize statistics done
[762/768] cmd.exe /C "cd /D C:\ws63src\output\ws63\acore\ws63-liteos-app && C:\Users\13716\AppData\Local\Programs\Python\Python311\python.exe C:/ws63src/build/script/utils/create_hex.py ws63-liteos-app.bin ws63-liteos-app.hex"


[763/768] cmd.exe /C "cd /D C:\ws63src\output\ws63\acore\ws63-liteos-app && C:\Users\13716\AppData\Local\Programs\Python\Python311\python.exe C:/ws63src/build/script/patch/patch_riscv.py ws63-liteos-app.bin ws63-liteos-app_rom.bin ws63-liteos-app.nm C:/ws63src/build/config/target_config/ws63/patch_config acore ws63-liteos-app C:/ws63src/output/ws63/acore/ws63-liteos-app"


Generating ws63-liteos-app.bin...
[764/768] ws63 image sign
type: 0
cfg : param_bin_ecc.cfg

new failed1.
read file
read file
CompressFlag():::0
Final.
type: 1
cfg : root_pubk.cfg

open key file failed.
FillPublicKey() failed.
type: 0
cfg : ssb_bin_ecc.cfg

new failed1.
read file
read file
CompressFlag():::0
Final.
type: 0
cfg : flash_bin_ecc.cfg

new failed1.
read file
read file
CompressFlag():::0
Final.
type: 0
cfg : flash_backup_bin_ecc.cfg

new failed1.
read file
read file
CompressFlag():::0
Final.
type: 0
cfg : loaderboot_bin_ecc.cfg

new failed1.
read file
read file
CompressFlag():::0
Final.
type: 0
cfg : liteos_app_bin_ecc.cfg

new failed1.
read file
read file
CompressFlag():::0
Final.
type: 0
cfg : liteos_mfg_bin_factory_ecc.cfg

new failed1.
read file
read file
CompressFlag():::0
Final.
generate params.bin...
Build params success!
params.bin size:  1024
params.bin generate successfully!!!
params_sign.bin generate successfully!!!
generate fill root_pubk.bin
merge out path:  C:\ws63src\build\config\target_config\ws63\sign_config
root_params_sign.bin generate successfully!!!
sign name:  ../../../../../output/ws63/acore\ws63-ssb/ssb.bin
../../../../../output/ws63/acore\ws63-ssb/ssb.bin size:  20864
../../../../../output/ws63/acore\ws63-ssb/ssb.bin  generated successfully!!!
ssb_sign.bin generated successfully!!!
../../../../../output/ws63/acore\ws63-flashboot/flashboot.bin size:  48832
flash_sign.bin generated successfully!!!
../../../../../output/ws63/acore\ws63-loaderboot\loaderboot.bin size:  30528
loaderboot_sign.bin generated successfully!!!
merge out path:  C:\ws63src\output\ws63\acore\ws63-loaderboot
root_loaderboot_sign.bin generated successfully!!!
sign name:  ../../../../../output/ws63/acore\ws63-liteos-app/ws63-liteos-app.bin
../../../../../output/ws63/acore\ws63-liteos-app/ws63-liteos-app.bin size:  1276812
../../../../../output/ws63/acore\ws63-liteos-app/ws63-liteos-app.bin  generated successfully!!!
sign name:  ../../../../../output/ws63/acore/boot_bin\ws63-liteos-mfg.bin


../../../../../output/ws63/acore/boot_bin\ws63-liteos-mfg.bin size:  1258432
../../../../../output/ws63/acore/boot_bin\ws63-liteos-mfg.bin  generated successfully!!!
[765/768] cmd.exe /C "cd /D C:\ws63src\output\ws63\acore\ws63-liteos-app && C:\ws63src\tools\bin\compiler\riscv\cc_riscv32_musl_105\cc_riscv32_musl_fp_win\bin\riscv32-linux-musl-objdump.exe -d -m riscv ws63-liteos-app.elf > ws63-liteos-app.asm"


[766/768] cmd.exe /C "cd /D C:\ws63src\output\ws63\acore\ws63-liteos-app && C:\ws63src\tools\bin\compiler\riscv\cc_riscv32_musl_105\cc_riscv32_musl_fp_win\bin\riscv32-linux-musl-objdump.exe -x -S -l ws63-liteos-app.elf > ws63-liteos-app.lst"


[767/768] MEM_LIMIT


[768/768] cmd.exe /C "cd /D C:\ws63src\output\ws63\acore\ws63-liteos-app && C:\Users\13716\AppData\Local\Programs\Python\Python311\python.exe C:/ws63src/build/script/utils/elftodu.py C:/ws63src ws63-liteos-app.elf C:/ws63src/tools/bin/compiler/riscv/cc_riscv32_musl_105/cc_riscv32_musl_fp_win/bin/riscv32-linux-musl-nm.exe > ws63-liteos-app.du && C:\Users\13716\AppData\Local\Programs\Python\Python311\python.exe C:/ws63src/build/script/utils/mem_stats.py ws63-liteos-app.lst ws63-liteos-app.du C:/ws63src/output/ws63/acore/ws63-liteos-app/linker.lds ws63 > ws63-liteos-app.mem"


ninja: no work to do.
data size:  16
finally size:  64
[!][copy_files_to_interim] File `C:\ws63src\output/ws63/acore/ws63-ssb/ssb.bin` not found, will skip it !
[!][copy_files_to_interim] File `C:\ws63src\output/ws63/acore/ws63-ssb/ssb_sign.bin` not found, will skip it !
[!][copy_files_to_interim] File `C:\ws63src\output/ws63/acore/ws63-liteos-hilink/ws63-liteos-hilink.bin` not found, will skip it !
[!][copy_files_to_interim] File `C:\ws63src\output/ws63/acore/ws63-liteos-hilink/ws63-liteos-hilink-sign.bin` not found, will skip it !
[*] romboot not found, codepoint files will not be one!
current work direction:  c:\ws63src
NV file reading:  ./output/ws63/acore/nv_bin/temp/cfg/acore_nv.json
nv xml writing in:  ./output/ws63/database/cco/system/hdbcfg/mss_nvi_db.xml
[!][nv handle]warning:  ./output/ws63/database/cco/system/hdbcfg/mss_nvi_db.xml  not found!
struct file reading:  ./output/ws63/acore/nv_bin/temp/acore.etypes
struct writing in: ./output/ws63/database/cco/system/nv/nv_struct_def.txt
[!][nv handle]warning:  ./output/ws63/database/cco/system/nv/nv_struct_def.txt  not found!
packet app
['C:\\ws63src\\output\\ws63\\acore\\boot_bin\\root_loaderboot_sign.bin', 'C:\\ws63src\\output\\ws63\\acore\\param_bin\\root_params_sign.bin', 'C:\\ws63src\\output\\ws63\\acore\\boot_bin\\ssb_sign.bin', 'C:\\ws63src\\output\\ws63\\acore\\boot_bin\\flashboot_sign.bin', 'C:\\ws63src\\output\\ws63\\acore\\boot_bin\\flashboot_backup_sign.bin', 'C:\\ws63src\\output\\ws63\\acore\\nv_bin\\ws63_all_nv.bin', 'C:\\ws63src\\output\\ws63\\acore\\ws63-liteos-app\\ws63-liteos-app-sign.bin']
[0, 2097152, 2105344, 2228224, 2162688, 6275072, 2293760]
[2097152, 1920, 21632, 49600, 49600, 16384, 1277632]
[31424, 1920, 21632, 49600, 49600, 4096, 1277632]
[0, 1, 1, 1, 1, 1, 1]
['C:\\ws63src\\output\\ws63\\acore\\boot_bin\\root_loaderboot_sign.bin', 'C:\\ws63src\\output\\ws63\\acore\\ws63-liteos-app\\ws63-liteos-app-sign.bin']
[0, 2293760]
[2097152, 1277632]
[31424, 1277632]
[0, 1]
python path:  C:\Users\13716\AppData\Local\Programs\Python\Python311\python.exe
loaderboot start build .....
['C:\\Users\\13716\\AppData\\Local\\Programs\\Python\\Python311\\python.exe', 'build.py', 'ws63-loaderboot']
[ws63][acore] run custom cmd success!
C:\ws63src\build\script\.\..\..\config.in
c:\ws63src
No change to Kconfig header in 'C:\ws63src\output\ws63\acore\ws63-liteos-app\mconfig.h'
######### Build target:ws63_liteos_app success
ws63-liteos-app takes 30.422343 s
python path:  C:\Users\13716\AppData\Local\Programs\Python\Python311\python.exe
generate_efuse_bin ing...
['C:\\Users\\13716\\AppData\\Local\\Programs\\Python\\Python311\\python.exe', 'C:\\ws63src\\build\\config\\target_config\\ws63\\script\\efuse_cfg_gen.py']
generate_efuse_bin done!
copy_files_to_interim ing...
['C:\\Users\\13716\\AppData\\Local\\Programs\\Python\\Python311\\python.exe', 'C:\\ws63src\\build\\config\\target_config\\ws63\\script\\copy_files_to_interim.py', 'C:\\ws63src']
copy_files_to_interim done!
generate rom_in_one ing...
['C:\\Users\\13716\\AppData\\Local\\Programs\\Python\\Python311\\python.exe', 'C:\\ws63src\\build\\config\\target_config\\ws63\\script\\rom_in_one.py', 'C:\\ws63src', 'ws63-liteos-app']
generate rom_in_one done!
['C:\\Users\\13716\\AppData\\Local\\Programs\\Python\\Python311\\python.exe', 'C:\\ws63src\\build\\config\\target_config\\ws63\\script\\nv_handle.py']
[ws63][acore] run custom cmd success!
packet ing...
['C:\\Users\\13716\\AppData\\Local\\Programs\\Python\\Python311\\python.exe', 'C:\\ws63src\\tools\\pkg\\packet.py', 'ws63', 'ws63-liteos-app', '']
packet success!


INFO:root:++++++++++++++++++++++++start stackAnalyzer++++++++++++++++++++++++


INFO:root:elf_path:./output/ws63/acore/ws63-liteos-app/ws63-liteos-app.elf


INFO:root:compiler_path:c:\Program Files\HiSpark Studio\tools\Windows\cc_riscv32_musl_fp_win\bin
INFO:root:asm_path:./output/ws63/acore/ws63-liteos-app/ws63-liteos-app.asm
INFO:root:prefix:riscv32-linux-musl


INFO:root:environment:windows


INFO:root:stack_mode:2
INFO:root:stack_rec_stats:1


INFO:root:compiler prefix: riscv32-linux-musl


INFO:root:++++++++++++++++++++++++end stackAnalyzer++++++++++++++++++++++++
INFO:root:++++++++++++++++++++++++++++++start buildAnalyzer++++++++++++++++++++++++++++++
INFO:root:elf_path:                               ./output/ws63/acore/ws63-liteos-app/ws63-liteos-app.elf
INFO:root:map_path:                               ./output/ws63/acore/ws63-liteos-app/ws63-liteos-app.map
INFO:root:compiler_path:                          c:\Program Files\HiSpark Studio\tools\Windows\cc_riscv32_musl_fp_win\bin
INFO:root:build_config_path:                      None                                    
INFO:root:prefix:                                 riscv32-linux-musl                      
INFO:root:environment:                            windows                                 
INFO:root:undef_addr_sections:                    ['.debug_info', '.debug_abbrev', '.debug_loc', '.debug_aranges', '.debug_ranges', '.debug_line', '.debug_str', '.comment', '.riscv.attributes', '.debug_frame']
INFO:root:no_size_sections:                       ['.plat_romtext', '.wifi_romtext', '.btc_romtext', '.bth_romtext', '.bth_romdata', '.plat_rombss', '.plat_text_tcm', '.wifi_text_tcm', '.plat_data_tcm', '.wifi_text_sram', '.btc_text_sram', '.bth_text_sram', '.wifi_data_sram', '.btc_data_sram', '.bth_data_sram', '.heap']
INFO:root:analysis sections:                      ['.text', '.data', '.bss', 'startup', '.sysintcall.init', '.patch', '.rom_ram_cb_text', '.plat_romdata', '.wifi_romdata', '.btc_romdata', '.bth_rombss', '.wifi_pkt_ram', '.btc_text_tcm', '.patch_on_tcm', '.btc_data_tcm', '.wifi_data_tcm', '.btc_bss_tcm', '.wifi_bss_tcm', '.plat_text_sram', '.patch_on_sram', '.plat_text_flash', '.wifi_text_flash', '.patch_on_flash', '.btc_text_flash', '.bth_text_flash', '.radar_text_flash', '.radar_ai_text_flash', '.btc_data_flash', '.bth_data_flash', '.plat_bss_sram', '.plat_bss_flash', '.wifi_bss_flash', '.radar_bss_flash', '.radar_ai_bss_flash', '.btc_bss_flash', '.bth_bss_flash', '.preserve', '.stacks']
INFO:root:--------------------Load Sections:--------------------
INFO:root:section_name                            section_size                            
INFO:root:startup                                 424                                     
INFO:root:.sysintcall.init                        52                                      
INFO:root:.patch                                  2344                                    
INFO:root:.rom_ram_cb_text                        1816                                    
INFO:root:.plat_romdata                           212                                     
INFO:root:.wifi_romdata                           98                                      
INFO:root:.btc_romdata                            672                                     
INFO:root:.btc_text_tcm                           7562                                    
INFO:root:.patch_on_tcm                           1528                                    
INFO:root:.btc_data_tcm                           62                                      
INFO:root:.wifi_data_tcm                          3412                                    
INFO:root:.plat_text_sram                         10884                                   
INFO:root:.patch_on_sram                          2520                                    
INFO:root:.plat_text_flash                        178332                                  
INFO:root:.wifi_text_flash                        585990                                  
INFO:root:.patch_on_flash                         1908                                    
INFO:root:.btc_text_flash                         132152                                  
INFO:root:.bth_text_flash                         230590                                  
INFO:root:.radar_text_flash                       34036                                   
INFO:root:.radar_ai_text_flash                    9980                                    
INFO:root:.text                                   63740                                   
INFO:root:.btc_data_flash                         4928                                    
INFO:root:.bth_data_flash                         2365                                    
INFO:root:.data                                   604                                     
INFO:root:total_size:                             1276211                                 
INFO:root:------------------------------------------------------


INFO:root:++++++++++++++++++++++++++++++end buildAnalyzer++++++++++++++++++++++++++++++


